industry,ret_1d,ret_3d,ret_5d,ret_10d,ret_20d,ret_60d,amount_ratio_5_vs_prev20,n_stocks,ret_1d_rank_desc,ret_3d_rank_desc,ret_5d_rank_desc,ret_10d_rank_desc,ret_20d_rank_desc,ret_60d_rank_desc,amount_ratio_5_vs_prev20_rank_desc,model_count,mean_rank,best_rank,mean_y_score,top20,top50,top100,model_mean_rank_desc
煤炭开采,0.059483,0.084994,0.115038,0.067564,0.038358,0.066227,1.092108,25,1.0,1.0,1.0,2.0,12.0,14.0,4.0,25,1979.24,81.0,-2.161776,0,0,1,8.0
火力发电,-0.00621,0.040661,0.100276,0.082522,0.266207,0.450877,1.299356,31,82.0,4.0,2.0,1.0,1.0,1.0,3.0,31,2603.258065,501.0,-2.228788,0,0,0,68.0
焦炭加工,0.046562,0.058819,0.070465,0.015975,-0.045007,-0.178144,0.917786,7,2.0,2.0,3.0,7.0,38.0,95.0,14.0,7,2781.0,1055.0,-2.235308,0,0,0,73.0
超市连锁,-0.009685,0.043437,0.057491,0.042182,-0.010778,-0.082071,1.950643,8,89.0,3.0,4.0,3.0,21.0,65.0,1.0,8,3010.0,1054.0,-2.29543,0,0,0,103.0
水力发电,-0.013118,0.020278,0.050538,0.008089,0.079655,0.066668,1.018817,22,93.0,9.0,5.0,10.0,9.0,13.0,6.0,22,2532.181818,252.0,-2.219296,0,0,0,59.0
啤酒,-0.006044,0.032648,0.041435,0.005838,-0.060968,-0.010293,0.879814,6,80.0,6.0,6.0,12.0,53.0,28.0,18.0,6,2794.833333,664.0,-2.234658,0,0,0,72.0
新型电力,-0.000745,0.01149,0.030994,-0.04152,0.043403,0.093352,0.685072,30,55.0,21.0,7.0,35.0,10.0,10.0,50.0,30,2374.933333,167.0,-2.195136,0,0,0,37.0
陶瓷,0.033286,-0.002035,0.01959,0.024841,0.183672,0.098242,0.895233,5,3.0,45.0,8.0,6.0,3.0,9.0,15.0,5,4106.6,3553.0,-2.32972,0,0,0,106.0
银行,0.015565,0.02894,0.014931,0.004801,-0.023946,0.009576,0.793754,42,8.0,7.0,9.0,13.0,28.0,23.0,23.0,42,1910.714286,158.0,-2.16884,0,0,0,14.0
白酒,-0.04505,0.015321,0.014678,0.009037,-0.032316,-0.088748,1.569002,20,110.0,14.0,10.0,9.0,31.0,69.0,2.0,19,3535.473684,116.0,-2.293598,0,0,0,101.0
全国地产,0.000758,0.017773,0.01178,-0.035197,-0.061489,-0.028083,0.869754,24,49.0,12.0,11.0,28.0,54.0,34.0,19.0,24,2469.708333,235.0,-2.203665,0,0,0,48.0
百货,0.006832,0.034074,0.009127,-0.025906,-0.060161,-0.096818,0.98214,34,23.0,5.0,12.0,26.0,51.0,73.0,10.0,34,3255.735294,907.0,-2.279928,0,0,0,98.0
路桥,0.002935,0.020268,0.005321,0.004672,0.010882,0.011006,0.803017,19,41.0,10.0,13.0,14.0,14.0,21.0,22.0,19,2041.736842,503.0,-2.18188,0,0,0,23.0
旅游景点,0.003689,0.019623,0.005135,-0.021136,-0.064829,-0.114657,0.70025,18,38.0,11.0,14.0,19.0,58.0,80.0,46.0,17,2838.058824,988.0,-2.23771,0,0,0,76.0
港口,0.014237,0.024825,0.003443,-0.025204,-0.017237,-0.056265,0.724935,16,11.0,8.0,15.0,24.0,25.0,45.0,41.0,16,2220.25,633.0,-2.196014,0,0,0,39.0
出版业,0.008694,0.016443,-0.001415,-0.069389,-0.077474,-0.072578,0.672006,28,17.0,13.0,16.0,59.0,66.0,59.0,56.0,28,2702.107143,215.0,-2.230796,0,0,0,69.0
电信运营,0.02351,0.011683,-0.001693,-0.021146,0.246727,0.32677,0.643095,5,4.0,19.0,17.0,20.0,2.0,3.0,66.0,5,2346.6,663.0,-2.203098,0,0,0,47.0
乳制品,-0.013979,0.000257,-0.001707,-0.05367,-0.079105,-0.071465,0.984808,19,96.0,40.0,18.0,42.0,67.0,58.0,9.0,19,2679.736842,173.0,-2.218893,0,0,0,58.0
铁路,0.006787,0.014409,-0.002273,-0.037358,-0.034405,-0.039707,0.700855,7,24.0,16.0,19.0,30.0,33.0,37.0,44.0,7,1795.0,464.0,-2.167099,0,0,0,12.0
中成药,0.000508,0.011668,-0.002444,-0.031785,-0.047382,-0.049596,0.659584,60,50.0,20.0,20.0,27.0,39.0,41.0,60.0,60,2041.766667,11.0,-2.171384,1,1,1,15.0
渔业,-0.001391,-0.000996,-0.003957,-0.05747,-0.095944,-0.189509,0.633728,7,58.0,44.0,21.0,46.0,81.0,97.0,71.0,7,2640.142857,1334.0,-2.228304,0,0,0,67.0
软饮料,-0.005811,-0.005188,-0.004649,-0.04487,-0.006164,0.060601,0.772848,9,79.0,50.0,22.0,37.0,19.0,15.0,28.0,9,1874.0,154.0,-2.162957,0,0,0,11.0
批发业,0.007286,0.00734,-0.004962,-0.114901,-0.125682,-0.151201,0.494085,5,22.0,25.0,23.0,101.0,97.0,91.0,103.0,5,1382.6,517.0,-2.131706,0,0,0,2.0
供气供热,0.008009,0.00027,-0.006055,-0.040982,0.009407,-0.034651,0.783452,43,19.0,39.0,24.0,34.0,15.0,36.0,26.0,43,2465.744186,23.0,-2.193353,0,2,4,34.0
商贸代理,0.007325,0.001184,-0.007754,-0.040835,-0.0635,-0.088724,0.698418,14,21.0,36.0,25.0,33.0,57.0,68.0,48.0,14,2628.928571,562.0,-2.230907,0,0,0,70.0
汽车服务,0.017622,0.006492,-0.007914,-0.055174,-0.021861,-0.044161,0.656745,8,7.0,26.0,26.0,44.0,27.0,38.0,61.0,8,2878.125,844.0,-2.236873,0,0,0,74.0
种植业,0.010001,0.005669,-0.009568,-0.083229,-0.144604,-0.203952,0.523959,17,14.0,27.0,27.0,70.0,105.0,99.0,100.0,17,2913.941176,236.0,-2.239512,0,0,0,79.0
机场,-0.001718,0.014922,-0.010579,-0.024537,-0.080566,-0.115956,0.747109,5,61.0,15.0,28.0,22.0,69.0,81.0,35.0,5,3076.4,2184.0,-2.25046,0,0,0,85.0
水务,0.004085,0.011913,-0.012357,-0.068055,-0.032756,-0.047306,0.734124,14,37.0,18.0,29.0,57.0,32.0,40.0,39.0,14,1686.857143,62.0,-2.13513,0,0,2,3.0
酒店餐饮,0.000115,0.012551,-0.012407,-0.043276,-0.126006,-0.17325,0.627206,8,51.0,17.0,30.0,36.0,98.0,94.0,72.0,8,3127.75,1471.0,-2.258093,0,0,0,87.0
区域地产,-0.002369,-0.000498,-0.012737,-0.06665,-0.053389,-0.021505,0.784708,39,70.0,42.0,31.0,55.0,45.0,31.0,25.0,38,2333.0,243.0,-2.206224,0,0,0,51.0
日用化工,-0.001734,0.010898,-0.013777,-0.074009,-0.097291,-0.096455,0.649903,18,62.0,22.0,32.0,62.0,84.0,72.0,63.0,18,2085.222222,3.0,-2.162894,1,1,1,10.0
旅游服务,-0.007848,0.00829,-0.014416,-0.025388,-0.095558,-0.207161,0.733329,7,84.0,24.0,33.0,25.0,80.0,100.0,40.0,7,3140.714286,1278.0,-2.258139,0,0,0,88.0
园区开发,0.005231,0.005444,-0.015357,-0.037502,-0.063039,-0.050932,0.613896,12,30.0,28.0,34.0,31.0,56.0,42.0,75.0,12,1766.166667,355.0,-2.159076,0,0,0,6.0
医药商业,-0.003602,0.003394,-0.016247,-0.066356,-0.089235,-0.098296,0.634379,35,76.0,32.0,35.0,54.0,73.0,74.0,70.0,35,2394.942857,298.0,-2.200634,0,0,0,45.0
食品,-0.002079,0.00326,-0.016341,-0.059933,-0.090602,-0.06991,0.649634,79,65.0,33.0,36.0,47.0,76.0,52.0,64.0,79,2395.78481,49.0,-2.196068,0,1,4,40.0
证券,0.002737,0.009954,-0.019465,-0.025089,-0.037659,-0.076214,0.762187,50,42.0,23.0,37.0,23.0,34.0,62.0,32.0,50,2153.92,258.0,-2.188892,0,0,0,28.0
影视音像,-0.015362,-0.015266,-0.020486,-0.07865,-0.052293,-0.099874,0.889851,33,100.0,61.0,38.0,66.0,43.0,76.0,16.0,32,3093.09375,99.0,-2.259222,0,0,1,90.0
房产服务,-0.009004,-0.011991,-0.022233,-0.086996,-0.102861,-0.070892,0.659886,11,87.0,58.0,39.0,75.0,87.0,54.0,59.0,11,2330.0,589.0,-2.199677,0,0,0,43.0
石油开采,0.008247,-0.007546,-0.02438,-0.110959,-0.158583,-0.312875,0.505538,17,18.0,53.0,40.0,96.0,107.0,110.0,102.0,17,4256.411765,1976.0,-2.36093,0,0,0,108.0
铝,0.018971,0.004261,-0.025325,-0.002058,-0.012968,0.048774,0.766659,29,6.0,30.0,41.0,16.0,24.0,18.0,30.0,29,3138.0,640.0,-2.258638,0,0,0,89.0
广告包装,0.00178,-0.015587,-0.025504,-0.094937,-0.079293,-0.069242,0.528174,48,45.0,62.0,42.0,85.0,68.0,51.0,99.0,48,2744.0,68.0,-2.238156,0,0,1,78.0
商品城,-0.001702,0.004278,-0.025639,-0.087214,-0.075929,-0.074481,0.476634,4,60.0,29.0,43.0,76.0,65.0,60.0,105.0,4,2994.75,1408.0,-2.24722,0,0,0,84.0
水泥,-0.001998,0.000377,-0.026174,-0.053908,-0.050067,-0.121372,0.578611,22,64.0,38.0,44.0,43.0,41.0,85.0,85.0,22,2396.181818,191.0,-2.200993,0,0,0,46.0
铜,0.021674,-0.00563,-0.027125,0.009944,0.039141,-0.025424,0.743331,18,5.0,51.0,45.0,8.0,11.0,33.0,37.0,18,2658.833333,677.0,-2.226034,0,0,0,66.0
农业综合,0.004739,0.000172,-0.027371,-0.082981,-0.123258,-0.14141,0.575227,37,32.0,41.0,46.0,69.0,96.0,88.0,86.0,37,2856.297297,89.0,-2.238146,0,0,1,77.0
普钢,0.001086,0.000959,-0.027558,-0.050641,-0.113624,-0.214428,0.560856,25,47.0,37.0,47.0,39.0,91.0,103.0,92.0,25,3168.92,531.0,-2.26019,0,0,0,91.0
水运,0.006653,0.003707,-0.028606,-0.060609,-0.053996,-0.132981,0.613074,18,26.0,31.0,48.0,48.0,47.0,86.0,76.0,18,2590.055556,888.0,-2.22083,0,0,0,61.0
仓储物流,0.004996,-0.008632,-0.029365,-0.061637,-0.062491,-0.092281,0.607785,43,31.0,54.0,49.0,50.0,55.0,71.0,79.0,43,2185.139535,21.0,-2.178537,0,2,2,20.0
空运,-0.017556,-0.004293,-0.029673,0.004303,-0.02124,-0.143118,0.845976,8,102.0,48.0,50.0,15.0,26.0,89.0,21.0,8,3595.5,2264.0,-2.291966,0,0,0,100.0
服饰,0.006649,0.002655,-0.029727,-0.068329,-0.070055,-0.030022,0.573943,56,27.0,34.0,51.0,58.0,61.0,35.0,87.0,56,1877.785714,38.0,-2.158583,0,1,3,5.0
化工机械,0.004417,-0.026418,-0.03059,-0.111661,-0.135841,-0.227903,0.460046,12,33.0,80.0,52.0,97.0,103.0,106.0,108.0,12,2901.833333,662.0,-2.244082,0,0,0,81.0
综合类,-0.002128,-0.018136,-0.030857,-0.101042,-0.102201,-0.074754,0.57954,16,66.0,66.0,53.0,91.0,86.0,61.0,84.0,16,2727.75,107.0,-2.223922,0,0,0,65.0
保险,-0.013309,0.001207,-0.030887,-0.039906,-0.098711,-0.187345,0.757236,5,95.0,35.0,54.0,32.0,85.0,96.0,33.0,5,3547.8,658.0,-2.288816,0,0,0,99.0
建筑工程,-0.002244,-0.01458,-0.031278,-0.083956,-0.057962,-0.051464,0.698616,106,68.0,60.0,55.0,72.0,50.0,43.0,47.0,106,2557.433962,150.0,-2.215234,0,0,0,55.0
特种钢,-0.001294,-0.00958,-0.031539,-0.036828,-0.097053,-0.225948,0.789568,10,57.0,55.0,56.0,29.0,83.0,105.0,24.0,10,2924.6,447.0,-2.243527,0,0,0,80.0
环境保护,0.007752,-0.016487,-0.031944,-0.069781,-0.053911,-0.007956,0.680206,109,20.0,63.0,57.0,60.0,46.0,27.0,53.0,109,2090.834862,52.0,-2.174255,0,0,2,17.0
多元金融,-0.002424,-0.003392,-0.033487,-0.072441,-0.096008,-0.118432,0.537486,22,71.0,47.0,58.0,61.0,82.0,83.0,97.0,22,2336.090909,397.0,-2.198987,0,0,0,42.0
钢加工,0.004146,-0.021214,-0.0337,-0.088478,-0.055956,-0.087108,0.610671,22,35.0,75.0,59.0,77.0,49.0,66.0,78.0,22,2451.272727,405.0,-2.211544,0,0,0,53.0
农用机械,0.011193,-0.007444,-0.03384,-0.078474,-0.127031,-0.117639,0.600261,10,13.0,52.0,60.0,65.0,99.0,82.0,81.0,10,1760.6,162.0,-2.146846,0,0,0,4.0
其他建材,0.009048,-0.009757,-0.035185,-0.067368,-0.052976,-0.057525,0.560226,27,15.0,56.0,61.0,56.0,44.0,47.0,93.0,27,2439.037037,58.0,-2.194428,0,0,1,35.0
汽车整车,0.003685,-0.000902,-0.035529,-0.062216,-0.120642,-0.111698,0.660441,22,39.0,43.0,62.0,51.0,94.0,79.0,58.0,22,3088.5,8.0,-2.247181,1,1,1,83.0
小金属,0.015284,-0.029641,-0.035575,-0.00873,-0.025714,-0.012595,0.779018,59,10.0,85.0,63.0,17.0,30.0,30.0,27.0,57,3089.22807,63.0,-2.262414,0,0,1,93.0
文教休闲,-0.019891,-0.0212,-0.037518,-0.094713,-0.091906,-0.060811,0.69344,47,104.0,74.0,64.0,84.0,78.0,48.0,49.0,46,2362.23913,161.0,-2.200158,0,0,0,44.0
化学制药,-0.015048,-0.018848,-0.038525,-0.088655,-0.120211,-0.071079,0.572903,135,98.0,67.0,65.0,78.0,93.0,55.0,88.0,135,2498.140741,1.0,-2.204998,1,1,1,50.0
矿物制品,0.000846,-0.043702,-0.038874,0.029447,0.128002,0.129797,0.933341,32,48.0,97.0,66.0,5.0,4.0,7.0,11.0,31,2581.16129,190.0,-2.223742,0,0,0,64.0
红黄酒,-0.013225,-0.004688,-0.039092,-0.051984,-0.001117,0.023237,0.924461,6,94.0,49.0,67.0,41.0,17.0,20.0,13.0,6,3367.333333,1351.0,-2.275643,0,0,0,97.0
塑料,0.008882,-0.025424,-0.039137,-0.048533,0.013926,0.054361,1.018341,64,16.0,78.0,68.0,38.0,13.0,17.0,7.0,64,2352.703125,13.0,-2.195309,1,1,2,38.0
造纸,-0.001494,-0.023809,-0.042075,-0.063565,-0.090399,-0.088182,0.770192,32,59.0,76.0,69.0,52.0,75.0,67.0,29.0,32,2646.03125,70.0,-2.223168,0,0,1,62.0
互联网,0.005731,-0.020397,-0.042296,-0.127875,-0.070855,-0.04469,0.556218,75,29.0,71.0,70.0,106.0,62.0,39.0,94.0,75,2716.0,12.0,-2.220645,2,2,6,60.0
纺织机械,-0.011149,-0.033579,-0.044503,0.007614,0.092438,0.360417,0.706352,10,92.0,87.0,71.0,11.0,7.0,2.0,43.0,10,2285.7,316.0,-2.189329,0,0,0,29.0
纺织,-0.009159,-0.024379,-0.044832,-0.11292,-0.121533,-0.099818,0.588212,40,88.0,77.0,72.0,99.0,95.0,75.0,83.0,39,2315.128205,28.0,-2.1821,0,2,3,24.0
通信设备,-0.005306,-0.043495,-0.045756,-0.101303,-0.004619,0.083719,0.681744,124,78.0,96.0,73.0,92.0,18.0,11.0,52.0,124,2692.33871,6.0,-2.223508,1,2,2,63.0
生物制药,-0.025189,-0.020396,-0.046029,-0.086834,-0.105925,-0.057432,0.65218,74,105.0,70.0,74.0,74.0,88.0,46.0,62.0,72,2298.722222,106.0,-2.19487,0,0,0,36.0
医疗保健,-0.008338,-0.020718,-0.046055,-0.083685,-0.083703,-0.066855,0.642108,163,86.0,73.0,75.0,71.0,70.0,50.0,67.0,163,2251.613497,14.0,-2.187615,2,3,3,27.0
家用电器,-0.002792,-0.020361,-0.047054,-0.079664,-0.040047,-0.011256,0.634497,80,75.0,69.0,76.0,67.0,36.0,29.0,69.0,79,2336.35443,41.0,-2.192827,0,1,2,33.0
农药化肥,-0.002224,-0.016946,-0.047121,-0.089424,-0.16487,-0.20728,0.462721,52,67.0,64.0,77.0,79.0,109.0,101.0,107.0,52,3492.480769,142.0,-2.294931,0,0,0,102.0
摩托车,0.006719,-0.017967,-0.04771,-0.061438,-0.090833,-0.071447,0.743464,11,25.0,65.0,78.0,49.0,77.0,57.0,36.0,11,2236.454545,113.0,-2.186072,0,0,0,26.0
元器件,-0.002481,-0.056449,-0.048216,-0.013391,0.111412,0.244023,1.016686,279,72.0,105.0,79.0,18.0,6.0,5.0,8.0,276,2462.442029,42.0,-3623190.5,0,2,3,110.0
工程机械,-0.002619,-0.02633,-0.048223,-0.077926,-0.051874,-0.052509,0.675862,32,73.0,79.0,80.0,64.0,42.0,44.0,54.0,32,2562.71875,281.0,-2.218093,0,0,0,56.0
石油加工,0.003108,-0.010877,-0.049027,-0.111957,-0.141248,-0.189837,0.602002,12,40.0,57.0,81.0,98.0,104.0,98.0,80.0,12,3279.25,290.0,-2.274842,0,0,0,96.0
化工原料,-0.002735,-0.037452,-0.049948,-0.065746,-0.03972,0.000701,0.700439,234,74.0,91.0,82.0,53.0,35.0,26.0,45.0,231,2804.818182,5.0,-2.231109,2,3,4,71.0
电气设备,-0.009782,-0.045837,-0.051629,-0.094637,-0.043449,0.002049,0.708873,308,90.0,99.0,83.0,83.0,37.0,24.0,42.0,306,2498.395425,27.0,-2.212521,0,2,4,54.0
家居用品,0.004087,-0.020629,-0.052904,-0.10204,-0.074046,-0.077783,0.63832,62,36.0,72.0,84.0,93.0,63.0,63.0,68.0,62,2037.83871,79.0,-2.17633,0,0,1,18.0
运输设备,-0.006189,-0.033984,-0.052945,-0.097783,-0.088732,-0.064335,0.649446,44,81.0,88.0,85.0,88.0,72.0,49.0,65.0,44,2191.318182,35.0,-2.181233,0,1,2,21.0
装修装饰,-0.010491,-0.028061,-0.053702,-0.116333,-0.085283,0.104822,0.563216,19,91.0,83.0,86.0,102.0,71.0,8.0,91.0,18,2278.555556,282.0,-2.192406,0,0,0,32.0
船舶,-0.018164,-0.053436,-0.053831,-0.10935,-0.157313,-0.236729,0.477046,11,103.0,102.0,87.0,95.0,106.0,107.0,104.0,11,3317.0,1636.0,-2.273168,0,0,0,95.0
玻璃,-0.027403,-0.077617,-0.055388,0.040668,0.123413,0.277813,0.888568,19,108.0,109.0,88.0,4.0,5.0,4.0,17.0,19,2353.789474,371.0,-2.198466,0,0,0,41.0
林业,0.0,-0.02685,-0.05668,-0.133677,-0.160604,-0.257815,0.458463,3,52.0,81.0,89.0,108.0,108.0,108.0,109.0,3,4114.0,3490.0,-2.327257,0,0,0,105.0
饲料,-0.001826,-0.028689,-0.057475,-0.084402,-0.128095,-0.151083,0.564702,21,63.0,84.0,90.0,73.0,101.0,90.0,90.0,21,3077.761905,1240.0,-2.25777,0,0,0,86.0
专用机械,-0.014169,-0.050348,-0.058018,-0.080295,-0.012883,0.056489,0.762233,253,97.0,100.0,91.0,68.0,23.0,16.0,31.0,249,2493.959839,10.0,-2.207406,1,5,11,52.0
软件服务,0.015508,-0.027247,-0.058914,-0.12123,-0.066862,-0.091858,0.682911,242,9.0,82.0,92.0,103.0,59.0,70.0,51.0,241,2419.082988,18.0,-2.204648,1,3,3,49.0
IT设备,0.002217,-0.037175,-0.061237,-0.123719,-0.054158,-0.024757,0.624799,70,43.0,89.0,93.0,104.0,48.0,32.0,73.0,68,2294.735294,7.0,-2.190415,1,1,1,31.0
汽车配件,-0.001244,-0.037237,-0.062493,-0.098559,-0.060211,-0.070016,0.670093,233,56.0,90.0,94.0,89.0,52.0,53.0,57.0,230,2223.152174,2.0,-2.184882,2,3,7,25.0
化纤,-0.008311,-0.038617,-0.063433,-0.096538,-0.127908,-0.081905,0.610702,31,85.0,92.0,95.0,86.0,100.0,64.0,77.0,31,1876.83871,56.0,-2.162233,0,0,1,9.0
其他商业,0.001898,-0.032786,-0.063811,-0.107237,-0.112863,-0.135161,0.552255,11,44.0,86.0,96.0,94.0,90.0,87.0,95.0,11,2795.272727,395.0,-2.237228,0,0,0,75.0
橡胶,-0.025422,-0.054218,-0.064861,-0.113976,-0.094653,-0.101969,0.598202,12,106.0,103.0,97.0,100.0,79.0,77.0,82.0,12,2928.666667,1401.0,-2.245045,0,0,0,82.0
石油贸易,-0.026957,-0.060364,-0.066214,-0.093344,-0.069965,-0.217798,0.53501,4,107.0,106.0,98.0,82.0,60.0,104.0,98.0,4,4503.0,4388.0,-2.365446,0,0,0,109.0
铅锌,0.006524,-0.014279,-0.066897,-0.051715,-0.090197,-0.120325,0.468199,13,28.0,59.0,99.0,40.0,74.0,84.0,106.0,13,3271.230769,1873.0,-2.26232,0,0,0,92.0
电器仪表,-0.002309,-0.050541,-0.070386,-0.089435,-0.01116,0.038943,0.734426,86,69.0,101.0,100.0,81.0,22.0,19.0,38.0,85,2097.529412,37.0,-2.181237,0,1,1,22.0
轻工机械,0.001298,-0.040655,-0.070487,-0.131419,-0.115676,-0.107379,0.515295,6,46.0,93.0,101.0,107.0,92.0,78.0,101.0,6,2173.833333,229.0,-2.173687,0,0,0,16.0
染料涂料,-0.005287,-0.042159,-0.07356,-0.097151,-0.048879,0.01055,0.673998,33,77.0,94.0,102.0,87.0,40.0,22.0,55.0,32,2282.71875,4.0,-2.189836,1,1,1,30.0
机械基件,-0.000412,-0.056113,-0.076522,-0.100483,-0.024464,0.001381,0.748494,112,54.0,104.0,103.0,90.0,29.0,25.0,34.0,112,2092.785714,15.0,-2.177678,1,2,2,19.0
航空,-0.015277,-0.062702,-0.077975,-0.125226,-0.111814,-0.162615,0.550808,51,99.0,108.0,104.0,105.0,89.0,93.0,96.0,50,2650.02,24.0,-2.218582,0,1,2,57.0
公路,0.0043,-0.01967,-0.084638,-0.022487,0.002222,-0.071317,1.025506,2,34.0,68.0,105.0,21.0,16.0,56.0,5.0,2,730.0,660.0,-2.085318,0,0,0,1.0
机床制造,-0.007152,-0.061541,-0.085111,-0.133776,-0.009804,0.081689,0.572808,21,83.0,107.0,106.0,109.0,20.0,12.0,89.0,21,1952.904762,114.0,-2.16829,0,0,0,13.0
黄金,0.011957,-0.002336,-0.089539,-0.057117,-0.13293,-0.287288,0.621093,10,12.0,46.0,107.0,45.0,102.0,109.0,74.0,10,3913.9,2484.0,-2.332596,0,0,0,107.0
半导体,-0.032536,-0.097718,-0.091309,-0.075466,0.087317,0.23795,0.926202,189,109.0,110.0,108.0,63.0,8.0,6.0,12.0,186,1972.946237,9.0,-2.160637,1,4,11,7.0
公共交通,-0.015553,-0.042573,-0.107765,-0.089424,-0.074084,-0.161981,0.848204,7,101.0,95.0,109.0,80.0,64.0,92.0,20.0,7,3258.857143,1318.0,-2.270499,0,0,0,94.0
电器连锁,0.0,-0.04529,-0.110549,-0.145867,-0.234568,-0.210487,0.403673,1,52.0,98.0,110.0,110.0,110.0,102.0,110.0,1,3912.0,3912.0,-2.30348,0,0,0,104.0
