epoch,stage,stage_epoch,trainable,train_loss,train_rank_loss,train_topk_loss,train_return_loss,train_direction_loss,train_gate_entropy,rank_ic_mean,rank_ic_std,rank_ic_ir,direction_accuracy,topk_return_mean,day_count,competition_rolling_win_rate,competition_max_drawdown,competition_market_equal_period_return,competition_sharpe,competition_period_excess_equal,competition_recent_return_min,competition_recent_return_mean,competition_score,competition_latest_window_return,competition_turnover_mean,competition_rolling_return_mean,competition_rolling_return_min,competition_period_return,competition_rolling_excess_equal_mean
1,score_rank,1,encoder_and_score,0.3672278070883764,0.368284804173387,-0.000696876842182194,0.0062395113365690145,0.6933666727618202,1.0569970778056554,0.06901557865690379,0.11659930654258994,0.591903851775436,0.5205859128171958,0.0022670544268694657,243,0.7478632478632479,-0.1739869976940921,0.377971887588501,1.8828416445418934,0.07502247969688658,0.008550971835275645,0.02171124293230453,0.0025436988594229916,0.021384888596346574,0.5020576131687243,0.017246922568370564,-0.14678004612356765,0.45299436728538756,0.001674456930560354
2,score_rank,2,encoder_and_score,0.36619010184901757,0.36726876595927466,-0.0008041105159802331,0.006341531466894814,0.6945970508750978,1.0786640517167994,0.07335898869798388,0.11099425622004926,0.6609259901931106,0.5203451176284497,0.0015841125932937955,243,0.7222222222222222,-0.14001903987923825,0.377971887588501,1.7405708060876883,0.01881253525379578,0.022785491190004725,0.029536333323026565,0.0020200162058827548,0.02576390097580261,0.5020576131687243,0.017248111055667308,-0.11164636638911474,0.39678442284229676,0.0016756454178570978
3,score_rank,3,encoder_and_score,0.36601628670161895,0.3671024703308121,-0.0008311542865982659,0.005735754775562052,0.6948408259713388,1.0861838050596007,0.07441050564141441,0.11232673312106609,0.6624469845590056,0.5203185471248639,0.001635034456938326,243,0.7051282051282052,-0.12970410135881305,0.377971887588501,2.021198183393996,0.10629865130685845,0.02010659809088744,0.03066090244151116,0.012370297150734339,0.026852933938584567,0.5020576131687243,0.018084426289888798,-0.10020557178973644,0.4842705388953594,0.002511960652078588
4,score_rank,4,encoder_and_score,0.3659782933664846,0.36706819194931906,-0.0008571285651404461,0.005943475928378885,0.6948360425348465,1.0898988886357663,0.07444424820599106,0.11137003025640606,0.6684405852687554,0.5189933432585235,0.0017070168495042764,243,0.7264957264957265,-0.1441906743967547,0.377971887588501,1.8112390152430962,0.05553501346755363,0.02315704777555161,0.035713750399832246,0.006822247529204437,0.02315704777555161,0.5020576131687243,0.017175488586142,-0.1266082312774296,0.4335069010560546,0.001603022948331789
5,score_rank,5,encoder_and_score,0.36571510883232394,0.36680668287470447,-0.0008921963253744632,0.00768283992862792,0.694874652753492,1.0915741224537838,0.07460148637265589,0.1100833463901719,0.6776818548760634,0.5182410658757514,0.0018822478577145195,243,0.7222222222222222,-0.13238278643362822,0.377971887588501,2.2421089336552975,0.1945965121905393,0.01282740247601244,0.030918514410868035,0.021677292914165404,0.01282740247601244,0.5020576131687243,0.019011217234007158,-0.11488347078058125,0.5725683997790403,0.003438751596196948
6,score_rank,6,encoder_and_score,0.3657035257176056,0.3667955393237727,-0.0009319153901994899,0.007454685190328586,0.6947233342453019,1.0920134348037478,0.07283629825612023,0.10857847537425398,0.6708171026077153,0.5176083557591151,0.0020521841327352697,243,0.7264957264957265,-0.13644347082215014,0.377971887588501,1.8356489540305765,0.061662105195955164,0.008872197188792175,0.020542671743832352,0.004405929921265834,0.019523820318314122,0.5020576131687243,0.01715552954207065,-0.1288173465650806,0.43963399278445614,0.0015830639042604417
7,score_rank,7,encoder_and_score,0.36552339389019617,0.36661465302273466,-0.0009797874685428614,0.012114426558152876,0.6954324938520625,1.0912589017342735,0.07175015831664254,0.10757734370891105,0.6669634687280274,0.516900916101144,0.002045226997133908,243,0.7350427350427351,-0.1343692527469177,0.377971887588501,1.851300992415425,0.059761411464327896,0.01421777693018611,0.02342172813966057,0.005564822290068621,0.015432471729496466,0.5020576131687243,0.017766994542098163,-0.11688487832088457,0.4377332990528289,0.002194528904287953
8,score_rank,8,encoder_and_score,0.36542857585700006,0.366520304273773,-0.001021871056184534,0.01012351707050674,0.6952394984744408,1.0917286730402118,0.06911336447533548,0.10441370085440131,0.6619185404768858,0.5153199711377905,0.001970564874364032,243,0.7478632478632479,-0.11966726450765697,0.377971887588501,2.034833877610582,0.11364742897244517,0.018111962760633427,0.02556722911315292,0.013273316534480778,0.021599243342839358,0.5020576131687243,0.01810356417500023,-0.10743290895711799,0.49161931656094615,0.002531098537190019
9,score_rank,9,encoder_and_score,0.3652245649597147,0.36631546718078656,-0.001077066923978866,0.010478641700311717,0.6950895208660718,1.0909022462892008,0.06969578203416472,0.10602708430435424,0.6573394193704383,0.5139881246455537,0.0016605194950561444,243,0.7692307692307693,-0.14818006717629306,0.377971887588501,1.7052751608999206,0.04331120108447717,0.020618349684597526,0.029211066438032996,0.004125144939313976,0.028664883368941574,0.5020576131687243,0.017398285839724553,-0.13257804356972136,0.42128308867297815,0.0018258202019143435
10,score_rank,10,encoder_and_score,0.3652306829712221,0.36632196662517696,-0.001123063936075186,0.009097788287173178,0.6953526680859236,1.0912837150332693,0.06935083627982173,0.1053942072221702,0.6580137382088818,0.5134318047267266,0.0016238063984285128,243,0.7393162393162394,-0.15701148671744458,0.377971887588501,1.8614022383921311,0.09494670020732632,0.017422805855594525,0.027107932424933125,0.007987262595731667,0.031341624839430704,0.5020576131687243,0.018137628568212185,-0.13756825470886191,0.4729185877958273,0.0025651629304019753
11,score_rank,11,encoder_and_score,0.36494562500617006,0.3660369420649259,-0.001178414332531287,0.008318656435201794,0.6949712109680359,1.0913172318385198,0.06672742450287382,0.10293497636806984,0.6482483103145928,0.5140263197444582,0.0017971894992074096,243,0.7777777777777778,-0.1605458455758224,0.377971887588501,1.9385123645327245,0.1173894121754302,0.017828440659265476,0.029441817679622284,0.01127961589658721,0.03302298934374104,0.5020576131687243,0.018925685462021745,-0.14848057558725425,0.4953612997639312,0.003353219824211535
12,score_rank,12,encoder_and_score,0.3648955858015752,0.3659869211183472,-0.0012430704466549103,0.007934164418487114,0.6952665030219398,1.0913355103233358,0.06769229914449673,0.10396155160211816,0.6511282113561446,0.5131428505002312,0.0020434323379038373,243,0.7948717948717948,-0.16025897535568612,0.377971887588501,2.0041944502406723,0.13858268581607747,0.027915725978889805,0.03353906479048559,0.015105242982885167,0.034719617432795946,0.5020576131687243,0.019802705010319204,-0.14066724819379028,0.5165545734045784,0.004230239372508994
13,score_rank,13,encoder_and_score,0.36479393478769523,0.3658850500257788,-0.0012975754394964106,0.007977669907811834,0.6955947477247689,1.0911154638934921,0.06773975766512853,0.10415669259186679,0.6503639466602849,0.5131627783779206,0.001916803232181689,243,0.7393162393162394,-0.15447421412856888,0.377971887588501,1.864603899288374,0.09740094682263467,0.02114098373644402,0.03216300656881703,0.010361057802081243,0.039247905286742046,0.5020576131687243,0.019248309931776172,-0.1423573961082112,0.47537283441113565,0.003675844293965962
14,return_head,1,encoder_and_return,-8.457003283323362e-05,0.3698233603448658,-0.0004696079073645316,0.0010114286332691836,0.6960397366802771,1.0959986163364661,-0.0010549308021376013,0.10456214184868715,-0.010089032067305981,0.49486068337674566,0.0011295996668450093,243,0.6025641025641025,-0.22885999223735332,0.377971887588501,0.5709556182293782,-0.2593863670558667,0.011566029266401934,0.029169397433030486,-0.041570493415580764,0.03141849487643622,0.5020576131687243,0.0070695492636572346,-0.1754637709330511,0.11858552053263427,-0.008502916374152975
15,return_head,2,encoder_and_return,-0.00028301683642484435,0.36989451566158416,-0.000462307369141874,0.0008144279063144695,0.6959297947258085,1.0974446900270798,-0.00037112681622694367,0.10058906154230692,-0.0036895345332439637,0.49529909668591093,0.0011165075984348948,243,0.6068376068376068,-0.1932091174165308,0.377971887588501,0.8361461734894177,-0.18003478598304024,0.02410708215551738,0.04674830529128045,-0.025303674352447576,0.06334447006563848,0.5020576131687243,0.007667933748149512,-0.15881674202409524,0.19793710160546074,-0.007904531889660699
16,return_head,3,encoder_and_return,-0.0003250482391244937,0.3699098104344947,-0.0004599196883925917,0.0007726018226034344,0.6956831837830307,1.0976500085421972,0.018453065250247813,0.08718977956060414,0.21164252671864367,0.5003807054966899,0.0013188151860360053,243,0.6282051282051282,-0.1760595978639209,0.377971887588501,0.6652039594012228,-0.24403556137022764,0.03224814220532135,0.049159782687054634,-0.02928446883074977,0.06739723062149583,0.5020576131687243,0.007463909280034594,-0.14440845571717076,0.13393632621827334,-0.008108556357775616
17,return_head,4,encoder_and_return,-0.00034035759569263433,0.3699063051000729,-0.0004579382068416405,0.0007574630385184159,0.6955196819380745,1.0978205831168772,0.02009463607792012,0.07718913991680186,0.26032983525375564,0.5014568108919136,0.0011106378228254875,243,0.594017094017094,-0.16832298451941097,0.377971887588501,0.4287570354168819,-0.30579768056750445,0.026164767451509308,0.04838691355102416,-0.035665792771341485,0.06615129038065115,0.5020576131687243,0.0066572261356217365,-0.14297925898500652,0.07217420702099653,-0.008915239502188473
18,return_head,5,encoder_and_return,-0.00035319143489187396,0.3698164183073319,-0.0004583099155025808,0.0007448119347947675,0.6955098691959303,1.0980033197409504,0.033688064490928475,0.07750451421346874,0.43465938510552155,0.5048727812591596,0.0013286828366084285,243,0.6111111111111112,-0.17230697504285053,0.377971887588501,0.7048729770576014,-0.2394295202981518,0.021389989569972068,0.0420170706891303,-0.030068528226837164,0.05757772255483129,0.5020576131687243,0.008076077252796845,-0.13787257668145347,0.1385423672903492,-0.007496388385013365
