strategy,window_id,start_date,end_date,initial_cash,final_nav,day_count,period_return,ten_day_return,annual_return,sharpe,max_drawdown,total_return,turnover_mean
baseline_y_top20_k3,1,2026-01-05,2026-01-16,1000000.0,1044901.2804699253,10.0,0.044901280469925364,0.044901280469925364,2.0247994601314594,8.99189170397517,-0.01000587552577259,0.044901280469925364,0.36999999999999994
baseline_y_top20_k3,2,2026-01-06,2026-01-19,1000000.0,1049672.5640337944,10.0,0.0496725640337945,0.0496725640337945,2.392789513350783,11.034729451115671,-0.007117440959215182,0.0496725640337945,0.36999999999999994
baseline_y_top20_k3,3,2026-01-07,2026-01-20,1000000.0,1051938.3526974397,10.0,0.05193835269743974,0.05193835269743974,2.582245057967075,10.426814350212684,-0.0050777205978274065,0.05193835269743974,0.36999999999999994
baseline_y_top20_k3,4,2026-01-08,2026-01-21,1000000.0,1100502.287477441,10.0,0.10050228747744083,0.10050228747744083,10.170996867458365,22.688929462576237,-0.001983962406180706,0.10050228747744083,0.36999999999999994
baseline_y_top20_k3,5,2026-01-09,2026-01-22,1000000.0,1090731.5475852534,10.0,0.09073154758525348,0.09073154758525348,7.922579760407361,18.435614782835604,-0.0023257673354096786,0.09073154758525348,0.36999999999999994
baseline_y_top20_k3,6,2026-01-12,2026-01-23,1000000.0,1054713.2846158445,10.0,0.05471328461584446,0.05471328461584446,2.8281353802794458,13.49718387401093,-0.004321883672767646,0.05471328461584446,0.36999999999999994
baseline_y_top20_k3,7,2026-01-13,2026-01-26,1000000.0,1031264.1050803369,10.0,0.031264105080336835,0.031264105080336835,1.1723085997975784,6.917635226486036,-0.009899156203269976,0.031264105080336835,0.36999999999999994
baseline_y_top20_k3,8,2026-01-14,2026-01-27,1000000.0,1037105.7361655424,10.0,0.03710573616554247,0.03710573616554247,1.5046123364090107,8.891059174442336,-0.0102216330820184,0.03710573616554247,0.36999999999999994
baseline_y_top20_k3,9,2026-01-15,2026-01-28,1000000.0,1028103.9050462554,10.0,0.028103905046255484,0.028103905046255484,1.0106321381085093,4.4034823058236245,-0.025486296834168143,0.028103905046255484,0.36999999999999994
baseline_y_top20_k3,10,2026-01-16,2026-01-29,1000000.0,1018336.560772116,10.0,0.018336560772115984,0.018336560772115984,0.5807444813253186,2.547597498070125,-0.035405187281609796,0.018336560772115984,0.36999999999999994
baseline_y_top20_k3,11,2026-01-19,2026-01-30,1000000.0,1051803.5282583116,10.0,0.05180352825831158,0.05180352825831158,2.5706929618134673,7.290208310178416,-0.0290852923624777,0.05180352825831158,0.36999999999999994
baseline_y_top20_k3,12,2026-01-20,2026-02-02,1000000.0,1009958.7246955346,10.0,0.009958724695534604,0.009958724695534604,0.28366398510499313,1.530236342888957,-0.03489594297302423,0.009958724695534604,0.36999999999999994
baseline_y_top20_k3,13,2026-01-21,2026-02-03,1000000.0,1000632.8274947774,10.0,0.0006328274947773327,0.0006328274947773327,0.016069964077240373,0.17868664749808094,-0.039446571192847224,0.0006328274947773327,0.36999999999999994
baseline_y_top20_k3,14,2026-01-22,2026-02-04,1000000.0,1004617.0419529438,10.0,0.004617041952943879,0.004617041952943879,0.12308760885650138,0.825570877804282,-0.03402820368230497,0.004617041952943879,0.36999999999999994
baseline_y_top20_k3,15,2026-01-23,2026-02-05,1000000.0,987484.0784333397,10.0,-0.01251592156666026,-0.01251592156666026,-0.27195441584369195,-2.0363132164932063,-0.03430855836204172,-0.01251592156666026,0.36999999999999994
baseline_y_top20_k3,16,2026-01-26,2026-02-06,1000000.0,991585.9938527292,10.0,-0.008414006147270836,-0.008414006147270836,-0.19178730090885532,-1.0244027266902214,-0.032251877044940036,-0.008414006147270836,0.36999999999999994
baseline_y_top20_k3,17,2026-01-27,2026-02-09,1000000.0,1012517.0785075774,10.0,0.01251707850757744,0.01251707850757744,0.36816792718404656,1.7563389200163186,-0.03068033594678432,0.01251707850757744,0.36999999999999994
baseline_y_top20_k3,18,2026-01-28,2026-02-10,1000000.0,1021539.9985716855,10.0,0.021539998571685537,0.021539998571685537,0.7109427570916509,3.1419538309928376,-0.010245737654864806,0.021539998571685537,0.36999999999999994
baseline_y_top20_k3,19,2026-01-29,2026-02-11,1000000.0,1035871.803469417,10.0,0.035871803469416985,0.035871803469416985,1.430588812728434,5.250142524240569,-0.012355805409848708,0.035871803469416985,0.36999999999999994
baseline_y_top20_k3,20,2026-01-30,2026-02-12,1000000.0,1039535.7144999336,10.0,0.03953571449993354,0.03953571449993354,1.6567656575403689,6.838417481733798,-0.014111161267161387,0.03953571449993354,0.36999999999999994
baseline_y_top20_k3,21,2026-02-02,2026-02-13,1000000.0,1034902.5600780796,10.0,0.03490256007807968,0.03490256007807968,1.3739218851296418,8.628789808262933,-0.0031824759559333504,0.03490256007807968,0.36999999999999994
baseline_y_top20_k3,22,2026-02-03,2026-02-24,1000000.0,1058693.2363575355,10.0,0.05869323635753543,0.05869323635753543,3.209276849671114,9.794083653316518,-0.015187961084544677,0.05869323635753543,0.36999999999999994
baseline_y_top20_k3,23,2026-02-04,2026-02-25,1000000.0,1042415.565287235,10.0,0.04241556528723489,0.04241556528723489,1.8485927710334344,8.751663150928604,-0.011094100808501262,0.04241556528723489,0.36999999999999994
baseline_y_top20_k3,24,2026-02-05,2026-02-26,1000000.0,1027188.049322477,10.0,0.02718804932247698,0.02718804932247698,0.9659793053832892,8.435936303491083,-0.0031206235641241253,0.02718804932247698,0.36999999999999994
baseline_y_top20_k3,25,2026-02-06,2026-02-27,1000000.0,1035145.0344169865,10.0,0.035145034416986576,0.035145034416986576,1.387977990174189,8.241175883597904,-0.006642853876352328,0.035145034416986576,0.36999999999999994
baseline_y_top20_k3,26,2026-02-09,2026-03-02,1000000.0,1016451.1170950716,10.0,0.016451117095071632,0.016451117095071632,0.5086195693502857,3.6352407846679546,-0.01942594913683815,0.016451117095071632,0.36999999999999994
baseline_y_top20_k3,27,2026-02-10,2026-03-03,1000000.0,974785.668736926,10.0,-0.02521433126307393,-0.02521433126307393,-0.4745756246800663,-2.9941469301229624,-0.05333448349777892,-0.02521433126307393,0.36999999999999994
baseline_y_top20_k3,28,2026-02-11,2026-03-04,1000000.0,979133.5093130806,10.0,-0.02086649068691937,-0.02086649068691937,-0.412218071358337,-2.6078608440773974,-0.049284236770080536,-0.02086649068691937,0.36999999999999994
baseline_y_top20_k3,29,2026-02-12,2026-03-05,1000000.0,972064.2715148049,10.0,-0.0279357284851951,-0.0279357284851951,-0.5103187033566658,-3.2852261707567916,-0.053405631893183925,-0.0279357284851951,0.36999999999999994
baseline_y_top20_k3,30,2026-02-13,2026-03-06,1000000.0,998428.6136856405,10.0,-0.0015713863143594908,-0.0015713863143594908,-0.03885508022438422,-0.10059463377085626,-0.04538445867165486,-0.0015713863143594908,0.36999999999999994
baseline_y_top20_k3,31,2026-02-24,2026-03-09,1000000.0,1037746.8060589128,10.0,0.037746806058912785,0.037746806058912785,1.543919802483145,4.317384179982739,-0.04286443849755939,0.037746806058912785,0.36999999999999994
baseline_y_top20_k3,32,2026-02-25,2026-03-10,1000000.0,1034426.3941754539,10.0,0.0344263941754539,0.0344263941754539,1.3465496775314358,3.6647064894264294,-0.045729931150753966,0.0344263941754539,0.36999999999999994
baseline_y_top20_k3,33,2026-02-26,2026-03-11,1000000.0,1009030.8587159486,10.0,0.009030858715948664,0.009030858715948664,0.25427306550060247,1.100207537435892,-0.04288651701362167,0.009030858715948664,0.36999999999999994
baseline_y_top20_k3,34,2026-02-27,2026-03-12,1000000.0,985627.95607967,10.0,-0.01437204392032998,-0.01437204392032998,-0.3056667985431284,-1.5025920368098409,-0.03353322831800387,-0.01437204392032998,0.36999999999999994
baseline_y_top20_k3,35,2026-03-02,2026-03-13,1000000.0,991880.5469208396,10.0,-0.0081194530791604,-0.0081194530791604,-0.1857154491775177,-0.7822574388245122,-0.031053245582025046,-0.0081194530791604,0.36999999999999994
baseline_y_top20_k3,36,2026-03-03,2026-03-16,1000000.0,1007589.8796354145,10.0,0.007589879635414354,0.007589879635414354,0.20990613192890706,0.7795229599848189,-0.034134423144513204,0.007589879635414354,0.36999999999999994
baseline_y_top20_k3,37,2026-03-04,2026-03-17,1000000.0,1058283.7917393846,10.0,0.05828379173938458,0.05828379173938458,3.1684447181606634,6.132586486119507,-0.03288035256599342,0.05828379173938458,0.36999999999999994
baseline_y_top20_k3,38,2026-03-05,2026-03-18,1000000.0,1011017.8131963973,10.0,0.011017813196397164,0.011017813196397164,0.31801984584264,1.3303401650222768,-0.04917094360890317,0.011017813196397164,0.36999999999999994
baseline_y_top20_k3,39,2026-03-06,2026-03-19,1000000.0,986989.0621523047,10.0,-0.013010937847695359,-0.013010937847695359,-0.2810958946218963,-1.380486385142407,-0.05644848262329483,-0.013010937847695359,0.36999999999999994
baseline_y_top20_k3,40,2026-03-09,2026-03-20,1000000.0,935697.2594601506,10.0,-0.06430274053984941,-0.06430274053984941,-0.8126684145946081,-5.3777762673843235,-0.09361626106848486,-0.06430274053984941,0.36999999999999994
baseline_y_top20_k3,41,2026-03-10,2026-03-23,1000000.0,896255.4385751181,10.0,-0.10374456142488186,-0.10374456142488186,-0.9367178156508578,-9.621766195103795,-0.1165816987800179,-0.10374456142488186,0.36999999999999994
baseline_y_top20_k3,42,2026-03-11,2026-03-24,1000000.0,902478.6744974377,10.0,-0.09752132550256232,-0.09752132550256232,-0.9246625183831764,-7.394209786631092,-0.11500946999001538,-0.09752132550256232,0.36999999999999994
baseline_y_top20_k3,43,2026-03-12,2026-03-25,1000000.0,921861.8562359388,10.0,-0.07813814376406114,-0.07813814376406114,-0.8712997741324164,-5.592262136196169,-0.10915065849462013,-0.07813814376406114,0.36999999999999994
baseline_y_top20_k3,44,2026-03-13,2026-03-26,1000000.0,897037.1098188402,10.0,-0.10296289018115978,-0.10296289018115978,-0.9353122077681462,-7.2079249258405245,-0.12100280392344898,-0.10296289018115978,0.36999999999999994
baseline_y_top20_k3,45,2026-03-16,2026-03-27,1000000.0,930938.6751754923,10.0,-0.06906132482450766,-0.06906132482450766,-0.8352554551284628,-4.245292762386464,-0.10980133379428225,-0.06906132482450766,0.36999999999999994
baseline_y_top20_k3,46,2026-03-17,2026-03-30,1000000.0,948996.3883889584,10.0,-0.05100361161104161,-0.05100361161104161,-0.7326581785554733,-2.7942622882422534,-0.10030003785905683,-0.05100361161104161,0.36999999999999994
baseline_y_top20_k3,47,2026-03-18,2026-03-31,1000000.0,973662.5892891324,10.0,-0.026337410710867593,-0.026337410710867593,-0.4896198371906949,-1.3654179436691847,-0.10186763840570134,-0.026337410710867593,0.36999999999999994
baseline_y_top20_k3,48,2026-03-19,2026-04-01,1000000.0,989591.9631533767,10.0,-0.010408036846623281,-0.010408036846623281,-0.2317629979149547,-0.5669170037444202,-0.07104607824728071,-0.010408036846623281,0.36999999999999994
baseline_y_top20_k3,49,2026-03-20,2026-04-02,1000000.0,979721.5035014194,10.0,-0.0202784964985806,-0.0202784964985806,-0.4032580960051848,-1.060892309406022,-0.03081449497282507,-0.0202784964985806,0.36999999999999994
baseline_y_top20_k3,50,2026-03-23,2026-04-03,1000000.0,990516.6656242283,10.0,-0.009483334375771646,-0.009483334375771646,-0.21346684753430123,-0.6130729525769655,-0.04853500830387192,-0.009483334375771646,0.36999999999999994
baseline_y_top20_k3,51,2026-03-24,2026-04-07,1000000.0,1059459.3178141308,10.0,0.05945931781413072,0.05945931781413072,3.286708767762831,4.3343425670049935,-0.03786544660217639,0.05945931781413072,0.36999999999999994
baseline_y_top20_k3,52,2026-03-25,2026-04-08,1000000.0,1037262.2697876017,10.0,0.03726226978760172,0.03726226978760172,1.5141560853005402,2.9211814604313546,-0.04720159012144631,0.03726226978760172,0.36999999999999994
baseline_y_top20_k3,53,2026-03-26,2026-04-09,1000000.0,1016024.0463644586,10.0,0.016024046364458533,0.016024046364458533,0.49272725187366206,1.3151337265084113,-0.05120942625673741,0.016024046364458533,0.36999999999999994
baseline_y_top20_k3,54,2026-03-27,2026-04-10,1000000.0,1063335.6323082368,10.0,0.0633356323082368,0.0633356323082368,3.699950197231206,4.900327001248322,-0.044525925745802386,0.0633356323082368,0.36999999999999994
baseline_y_top20_k3,55,2026-03-30,2026-04-13,1000000.0,1048190.3404283521,10.0,0.04819034042835213,0.04819034042835213,2.2740993945240855,3.995469459112898,-0.045766985484436806,0.04819034042835213,0.36999999999999994
baseline_y_top20_k3,56,2026-03-31,2026-04-14,1000000.0,1017566.5655794946,10.0,0.017566565579494542,0.017566565579494542,0.5508981801626829,1.7325671454745526,-0.04109038802035336,0.017566565579494542,0.36999999999999994
baseline_y_top20_k3,57,2026-04-01,2026-04-15,1000000.0,1011308.5906697771,10.0,0.011308590669777185,0.011308590669777185,0.32760582644471836,1.0195401842392053,-0.048110327240268314,0.011308590669777185,0.36999999999999994
baseline_y_top20_k3,58,2026-04-02,2026-04-16,1000000.0,1021741.2793193829,10.0,0.021741279319382745,0.021741279319382745,0.7194584235882457,1.9565862663630345,-0.02779722403526308,0.021741279319382745,0.36999999999999994
baseline_y_top20_k3,59,2026-04-03,2026-04-17,1000000.0,1056663.470994239,10.0,0.056663470994239074,0.056663470994239074,3.010556974290238,4.757182372210652,-0.009412915481030959,0.056663470994239074,0.36999999999999994
baseline_y_top20_k3,60,2026-04-07,2026-04-20,1000000.0,1070282.0813135474,10.0,0.0702820813135474,0.0702820813135474,4.53803905205291,9.085774105868644,-0.00769368751775068,0.0702820813135474,0.36999999999999994
baseline_y_top20_k3,61,2026-04-08,2026-04-21,1000000.0,1036919.0582292057,10.0,0.036919058229205604,0.036919058229205604,1.4932761909497856,7.756246179482532,-0.008462386240959185,0.036919058229205604,0.36999999999999994
baseline_y_top20_k3,62,2026-04-09,2026-04-22,1000000.0,1017321.8620664022,10.0,0.017321862066402183,0.017321862066402183,0.5415269197709442,4.63042153315746,-0.00832881130069496,0.017321862066402183,0.36999999999999994
baseline_y_top20_k3,63,2026-04-10,2026-04-23,1000000.0,1011239.2981338722,10.0,0.011239298133872255,0.011239298133872255,0.3253154206531812,2.2033895629514784,-0.019132437855654105,0.011239298133872255,0.36999999999999994
baseline_y_top20_k3,64,2026-04-13,2026-04-24,1000000.0,1024498.0930941433,10.0,0.024498093094143414,0.024498093094143414,0.840268068216961,4.603895881867597,-0.017703838681578654,0.024498093094143414,0.36999999999999994
baseline_y_top20_k3,65,2026-04-14,2026-04-27,1000000.0,992000.6245709781,10.0,-0.007999375429021849,-0.007999375429021849,-0.18322764700876815,-1.1698439201087028,-0.029579584134128534,-0.007999375429021849,0.36999999999999994
baseline_y_top20_k3,66,2026-04-15,2026-04-28,1000000.0,977885.2924826706,10.0,-0.022114707517329357,-0.022114707517329357,-0.4308123855840852,-2.9616894456339895,-0.034497924554138915,-0.022114707517329357,0.36999999999999994
baseline_y_top20_k3,67,2026-04-16,2026-04-29,1000000.0,1031462.1166712145,10.0,0.03146211667121457,0.03146211667121457,1.182844025722821,3.794189026256487,-0.021232450416088122,0.03146211667121457,0.36999999999999994
baseline_y_top20_k3,68,2026-04-17,2026-04-30,1000000.0,1012125.1793352239,10.0,0.012125179335223946,0.012125179335223946,0.35488544309482317,1.5117702670421727,-0.0309103737508738,0.012125179335223946,0.36999999999999994
baseline_y_top20_k3,69,2026-04-20,2026-05-06,1000000.0,1014958.228974769,10.0,0.01495822897476895,0.01495822897476895,0.45376383238308127,2.270016940721906,-0.020770941955171596,0.01495822897476895,0.36999999999999994
baseline_y_top20_k3,70,2026-04-21,2026-05-07,1000000.0,1005996.9863487512,10.0,0.005996986348751232,0.005996986348751232,0.16261608911291492,0.9362053978344097,-0.02276030303230092,0.005996986348751232,0.36999999999999994
baseline_y_top20_k3,71,2026-04-22,2026-05-08,1000000.0,1027226.0672155417,10.0,0.02722606721554177,0.02722606721554177,0.9678137815606269,3.5204734240838333,-0.022507255932092685,0.02722606721554177,0.36999999999999994
baseline_y_top20_k3,72,2026-04-23,2026-05-11,1000000.0,1013803.4271970873,10.0,0.01380342719708727,0.01380342719708727,0.4126501728061447,1.8287506914146014,-0.02292366329371931,0.01380342719708727,0.36999999999999994
baseline_y_top20_k3,73,2026-04-24,2026-05-12,1000000.0,1049608.0527201144,10.0,0.04960805272011437,0.04960805272011437,2.3875388210466912,9.161580045407817,-0.012303833884894866,0.04960805272011437,0.36999999999999994
baseline_y_top20_k3,74,2026-04-27,2026-05-13,1000000.0,1021660.729448181,10.0,0.021660729448180982,0.021660729448180982,0.7160456937793827,3.113027707692475,-0.02608905922412874,0.021660729448180982,0.36999999999999994
baseline_y_top20_k3,75,2026-04-28,2026-05-14,1000000.0,1000663.9638144473,10.0,0.0006639638144472215,0.0006639638144472215,0.016867004248019013,0.1854343192618188,-0.02480670115696315,0.0006639638144472215,0.36999999999999994
baseline_y_top20_k3,76,2026-04-29,2026-05-15,1000000.0,1016621.511138749,10.0,0.01662151113874888,0.01662151113874888,0.5150055759124534,2.702695619547198,-0.02932231260469842,0.01662151113874888,0.36999999999999994
baseline_y_top20_k3,77,2026-04-30,2026-05-18,1000000.0,1031423.60608877,10.0,0.03142360608877004,0.03142360608877004,1.180791191572601,4.337049832743526,-0.02797193680753529,0.03142360608877004,0.36999999999999994
baseline_y_top20_k3,78,2026-05-06,2026-05-19,1000000.0,985798.7256113219,10.0,-0.014201274388678131,-0.014201274388678131,-0.3026288767729147,-2.594430074514121,-0.03524426678415826,-0.014201274388678131,0.36999999999999994
baseline_y_top20_k3,79,2026-05-07,2026-05-20,1000000.0,992707.9818192015,10.0,-0.0072920181807984985,-0.0072920181807984985,-0.16842361425907193,-0.8816891823193932,-0.039544231333037416,-0.0072920181807984985,0.36999999999999994
best_val_zy_dir_top20_k3,1,2026-01-05,2026-01-16,1000000.0,1057930.341642534,10.0,0.057930341642533856,0.057930341642533856,3.1335028227379453,10.50970651968584,-0.009124342387318629,0.057930341642533856,0.36999999999999994
best_val_zy_dir_top20_k3,2,2026-01-06,2026-01-19,1000000.0,1049977.40732536,10.0,0.049977407325360046,0.049977407325360046,2.417707166341815,11.470887956322823,-0.00618450347125532,0.049977407325360046,0.36999999999999994
best_val_zy_dir_top20_k3,3,2026-01-07,2026-01-20,1000000.0,1057666.774870326,10.0,0.05766677487032612,0.05766677487032612,3.107630005437696,11.466729094762982,-0.005285431666076201,0.05766677487032612,0.36999999999999994
best_val_zy_dir_top20_k3,4,2026-01-08,2026-01-21,1000000.0,1093300.5522989093,10.0,0.09330055229890921,0.09330055229890921,8.46753895843197,21.048174142500823,-8.670220874251733e-05,0.09330055229890921,0.36999999999999994
best_val_zy_dir_top20_k3,5,2026-01-09,2026-01-22,1000000.0,1074550.4222174755,10.0,0.07455042221747554,0.07455042221747554,5.122310315316991,17.34216303419458,-0.003370019176751393,0.07455042221747554,0.36999999999999994
best_val_zy_dir_top20_k3,6,2026-01-12,2026-01-23,1000000.0,1070365.519853457,10.0,0.07036551985345718,0.07036551985345718,4.548929223660143,14.713883619836034,-0.004616188433986368,0.07036551985345718,0.36999999999999994
best_val_zy_dir_top20_k3,7,2026-01-13,2026-01-26,1000000.0,1033225.9873799641,10.0,0.03322598737996407,0.03322598737996407,1.2788833016370518,7.432917520770853,-0.006432038767039794,0.03322598737996407,0.36999999999999994
best_val_zy_dir_top20_k3,8,2026-01-14,2026-01-27,1000000.0,1028108.5569853948,10.0,0.028108556985394717,0.028108556985394717,1.0108614116577663,6.436746104251632,-0.015634654167769213,0.028108556985394717,0.36999999999999994
best_val_zy_dir_top20_k3,9,2026-01-15,2026-01-28,1000000.0,1016453.9501912444,10.0,0.016453950191244404,0.016453950191244404,0.5087255361319662,2.666408290515838,-0.03321411728381063,0.016453950191244404,0.36999999999999994
best_val_zy_dir_top20_k3,10,2026-01-16,2026-01-29,1000000.0,1002760.3221136847,10.0,0.00276032211368471,0.00276032211368471,0.07193378112625703,0.5493634042729455,-0.03497957401524754,0.00276032211368471,0.36999999999999994
best_val_zy_dir_top20_k3,11,2026-01-19,2026-01-30,1000000.0,1029888.3431838878,10.0,0.029888343183887667,0.029888343183887667,1.1004463517053735,4.408488909119788,-0.03454088057149096,0.029888343183887667,0.36999999999999994
best_val_zy_dir_top20_k3,12,2026-01-20,2026-02-02,1000000.0,1002990.6616812815,10.0,0.0029906616812815923,0.0029906616812815923,0.0781560312502465,0.5450041266544908,-0.0389855937510486,0.0029906616812815923,0.36999999999999994
best_val_zy_dir_top20_k3,13,2026-01-21,2026-02-03,1000000.0,1006641.2180321437,10.0,0.00664121803214357,0.00664121803214357,0.18152433002925417,1.155587315143205,-0.0356126617324356,0.00664121803214357,0.36999999999999994
best_val_zy_dir_top20_k3,14,2026-01-22,2026-02-04,1000000.0,1009971.4358120235,10.0,0.009971435812023532,0.009971435812023532,0.2840711760485217,2.1671629531159353,-0.027184512375061032,0.009971435812023532,0.36999999999999994
best_val_zy_dir_top20_k3,15,2026-01-23,2026-02-05,1000000.0,974556.3471739546,10.0,-0.025443652826045438,-0.025443652826045438,-0.4776816912331261,-4.19871997275143,-0.043609254454252566,-0.025443652826045438,0.36999999999999994
best_val_zy_dir_top20_k3,16,2026-01-26,2026-02-06,1000000.0,993788.9009857753,10.0,-0.006211099014224675,-0.006211099014224675,-0.14530260525765526,-0.7242882257674822,-0.031903451572522834,-0.006211099014224675,0.36999999999999994
best_val_zy_dir_top20_k3,17,2026-01-27,2026-02-09,1000000.0,1013589.0550436206,10.0,0.013589055043620624,0.013589055043620624,0.40514191806061994,2.0283508912450414,-0.02685023610820958,0.013589055043620624,0.36999999999999994
best_val_zy_dir_top20_k3,18,2026-01-28,2026-02-10,1000000.0,1025628.8082900044,10.0,0.025628808290004468,0.025628808290004468,0.8921402184245564,3.9992167964638656,-0.00847730882257225,0.025628808290004468,0.36999999999999994
best_val_zy_dir_top20_k3,19,2026-01-29,2026-02-11,1000000.0,1022450.0562019473,10.0,0.022450056201947177,0.022450056201947177,0.7497701323768924,3.9987863208873478,-0.006827768904864806,0.022450056201947177,0.36999999999999994
best_val_zy_dir_top20_k3,20,2026-01-30,2026-02-12,1000000.0,1022870.9591208579,10.0,0.022870959120857792,0.022870959120857792,0.7680127072168215,5.222924979148173,-0.0068900999964773835,0.022870959120857792,0.36999999999999994
best_val_zy_dir_top20_k3,21,2026-02-02,2026-02-13,1000000.0,1025730.2585186835,10.0,0.025730258518683602,0.025730258518683602,0.8968623334205852,6.536357110106023,-0.004914604162573832,0.025730258518683602,0.36999999999999994
best_val_zy_dir_top20_k3,22,2026-02-03,2026-02-24,1000000.0,1046310.7859977911,10.0,0.04631078599779115,0.04631078599779115,2.1293179999595893,10.281561723946902,-0.007240436540693063,0.04631078599779115,0.36999999999999994
best_val_zy_dir_top20_k3,23,2026-02-04,2026-02-25,1000000.0,1027143.7198581372,10.0,0.02714371985813724,0.02714371985813724,0.9638423510528602,7.1630743802368055,-0.00802821390122177,0.02714371985813724,0.36999999999999994
best_val_zy_dir_top20_k3,24,2026-02-05,2026-02-26,1000000.0,1037893.5059432199,10.0,0.03789350594321994,0.03789350594321994,1.5529977017922167,10.744530338342052,-0.005250220222175139,0.03789350594321994,0.36999999999999994
best_val_zy_dir_top20_k3,25,2026-02-06,2026-02-27,1000000.0,1023276.3287473783,10.0,0.023276328747378283,0.023276328747378283,0.785754611828732,5.80932561772343,-0.007885072063301246,0.023276328747378283,0.36999999999999994
best_val_zy_dir_top20_k3,26,2026-02-09,2026-03-02,1000000.0,998919.9135771649,10.0,-0.0010800864228350804,-0.0010800864228350804,-0.026865415689879213,-0.2615613531970577,-0.016478322152637892,-0.0010800864228350804,0.36999999999999994
best_val_zy_dir_top20_k3,27,2026-02-10,2026-03-03,1000000.0,961673.7028324814,10.0,-0.038326297167518675,-0.038326297167518675,-0.6264927325374563,-4.575280047223895,-0.05242882131586435,-0.038326297167518675,0.36999999999999994
best_val_zy_dir_top20_k3,28,2026-02-11,2026-03-04,1000000.0,972741.5716965472,10.0,-0.02725842830345282,-0.02725842830345282,-0.5016477663075558,-3.279082262502371,-0.05834309872175192,-0.02725842830345282,0.36999999999999994
best_val_zy_dir_top20_k3,29,2026-02-12,2026-03-05,1000000.0,974523.0323983714,10.0,-0.025476967601628653,-0.025476967601628653,-0.4781314566922876,-3.449512446198368,-0.0473769458824046,-0.025476967601628653,0.36999999999999994
best_val_zy_dir_top20_k3,30,2026-02-13,2026-03-06,1000000.0,998604.7272229947,10.0,-0.001395272777005352,-0.001395272777005352,-0.034573615808456526,-0.07187894497320294,-0.04508917468560125,-0.001395272777005352,0.36999999999999994
best_val_zy_dir_top20_k3,31,2026-02-24,2026-03-09,1000000.0,1016264.2891777249,10.0,0.016264289177724933,0.016264289177724933,0.5016473672435493,1.8000101495138283,-0.050286239457419946,0.016264289177724933,0.36999999999999994
best_val_zy_dir_top20_k3,32,2026-02-25,2026-03-10,1000000.0,1017953.3348693325,10.0,0.017953334869332593,0.017953334869332593,0.5658217124742704,2.0442255626228416,-0.0471006929144312,0.017953334869332593,0.36999999999999994
best_val_zy_dir_top20_k3,33,2026-02-26,2026-03-11,1000000.0,1015932.9727887218,10.0,0.015932972788721855,0.015932972788721855,0.48935904750556625,1.973831589325899,-0.041140631999578736,0.015932972788721855,0.36999999999999994
best_val_zy_dir_top20_k3,34,2026-02-27,2026-03-12,1000000.0,1009428.6914340485,10.0,0.009428691434048453,0.009428691434048453,0.26679472660868875,1.2265727550047612,-0.04133472013965689,0.009428691434048453,0.36999999999999994
best_val_zy_dir_top20_k3,35,2026-03-02,2026-03-13,1000000.0,1027089.8483635539,10.0,0.02708984836355377,0.02708984836355377,0.9612484142889364,3.6862590553684145,-0.022700963577032107,0.02708984836355377,0.36999999999999994
best_val_zy_dir_top20_k3,36,2026-03-03,2026-03-16,1000000.0,1024627.5331788242,10.0,0.024627533178824157,0.024627533178824157,0.846136247098249,2.5102429289054116,-0.009111389552950877,0.024627533178824157,0.36999999999999994
best_val_zy_dir_top20_k3,37,2026-03-04,2026-03-17,1000000.0,1073843.3145174824,10.0,0.07384331451748238,0.07384331451748238,5.0215892171381675,8.230040008722014,-0.016030406614542136,0.07384331451748238,0.36999999999999994
best_val_zy_dir_top20_k3,38,2026-03-05,2026-03-18,1000000.0,1025558.7037386639,10.0,0.02555870373866398,0.02555870373866398,0.888883721209381,4.177637588644468,-0.018031764270840522,0.02555870373866398,0.36999999999999994
best_val_zy_dir_top20_k3,39,2026-03-06,2026-03-19,1000000.0,1009220.4799206104,10.0,0.00922047992061037,0.00922047992061037,0.2602264363496831,1.2066129853658074,-0.039167759670631574,0.00922047992061037,0.36999999999999994
best_val_zy_dir_top20_k3,40,2026-03-09,2026-03-20,1000000.0,942641.972145267,10.0,-0.057358027854733096,-0.057358027854733096,-0.7742962957883623,-4.9200026842078675,-0.08360642763600634,-0.057358027854733096,0.36999999999999994
best_val_zy_dir_top20_k3,41,2026-03-10,2026-03-23,1000000.0,908329.4561050247,10.0,-0.09167054389497531,-0.09167054389497531,-0.9113387944733501,-8.510871785507687,-0.10434683470808759,-0.09167054389497531,0.36999999999999994
best_val_zy_dir_top20_k3,42,2026-03-11,2026-03-24,1000000.0,906798.7601720971,10.0,-0.09320123982790285,-0.09320123982790285,-0.9150281399609698,-7.115079790659144,-0.11013002325636678,-0.09320123982790285,0.36999999999999994
best_val_zy_dir_top20_k3,43,2026-03-12,2026-03-25,1000000.0,918814.7072812171,10.0,-0.08118529271878294,-0.08118529271878294,-0.8816020879358256,-5.945893662266678,-0.10939546118577748,-0.08118529271878294,0.36999999999999994
best_val_zy_dir_top20_k3,44,2026-03-13,2026-03-26,1000000.0,911055.4173990838,10.0,-0.0889445826009162,-0.0889445826009162,-0.9043843830374707,-6.049334224496117,-0.11094435101014066,-0.0889445826009162,0.36999999999999994
best_val_zy_dir_top20_k3,45,2026-03-16,2026-03-27,1000000.0,925881.9601072189,10.0,-0.0741180398927811,-0.0741180398927811,-0.8563843778244404,-4.352685379615039,-0.11608835578733956,-0.0741180398927811,0.36999999999999994
best_val_zy_dir_top20_k3,46,2026-03-17,2026-03-30,1000000.0,952089.6172585991,10.0,-0.0479103827414008,-0.0479103827414008,-0.7098107677213457,-2.5847195572165744,-0.10293357683190951,-0.0479103827414008,0.36999999999999994
best_val_zy_dir_top20_k3,47,2026-03-18,2026-03-31,1000000.0,985812.6094752708,10.0,-0.014187390524729171,-0.014187390524729171,-0.3023813280958255,-0.6244063685877536,-0.09838808952389022,-0.014187390524729171,0.36999999999999994
best_val_zy_dir_top20_k3,48,2026-03-19,2026-04-01,1000000.0,983674.6330246782,10.0,-0.01632536697532183,-0.01632536697532183,-0.3395239205059324,-0.997570946019432,-0.06851828904024004,-0.01632536697532183,0.36999999999999994
best_val_zy_dir_top20_k3,49,2026-03-20,2026-04-02,1000000.0,983193.0334483976,10.0,-0.016806966551602298,-0.016806966551602298,-0.34762460262094386,-0.8172503686651745,-0.02787227745890619,-0.016806966551602298,0.36999999999999994
best_val_zy_dir_top20_k3,50,2026-03-23,2026-04-03,1000000.0,976798.1803102166,10.0,-0.02320181968978341,-0.02320181968978341,-0.4465453820411033,-1.724852914994411,-0.04737919817152847,-0.02320181968978341,0.36999999999999994
best_val_zy_dir_top20_k3,51,2026-03-24,2026-04-07,1000000.0,1064569.3789463036,10.0,0.06456937894630355,0.06456937894630355,3.839316709768351,4.538502058510304,-0.042862959836210135,0.06456937894630355,0.36999999999999994
best_val_zy_dir_top20_k3,52,2026-03-25,2026-04-08,1000000.0,1030758.4988733067,10.0,0.030758498873306728,0.030758498873306728,1.145628325416451,2.5989708399154168,-0.04384934646598415,0.030758498873306728,0.36999999999999994
best_val_zy_dir_top20_k3,53,2026-03-26,2026-04-09,1000000.0,1019408.5995519771,10.0,0.019408599551977046,0.019408599551977046,0.6232184900137039,1.6440639700212016,-0.04666758808884319,0.019408599551977046,0.36999999999999994
best_val_zy_dir_top20_k3,54,2026-03-27,2026-04-10,1000000.0,1046287.3206198078,10.0,0.04628732061980778,0.04628732061980778,2.12754993082158,3.5673175070804426,-0.05121335216146794,0.04628732061980778,0.36999999999999994
best_val_zy_dir_top20_k3,55,2026-03-30,2026-04-13,1000000.0,1051829.1511046572,10.0,0.051829151104657134,0.051829151104657134,2.572885634556324,4.3140388838651225,-0.04340073669660238,0.051829151104657134,0.36999999999999994
best_val_zy_dir_top20_k3,56,2026-03-31,2026-04-14,1000000.0,1027867.1898841062,10.0,0.02786718988410608,0.02786718988410608,0.9989985744206791,2.6835267524864648,-0.04031320227329693,0.02786718988410608,0.36999999999999994
best_val_zy_dir_top20_k3,57,2026-04-01,2026-04-15,1000000.0,1020445.9844278615,10.0,0.020445984427861497,0.020445984427861497,0.6653615358711469,1.7966421266832002,-0.047147510511538426,0.020445984427861497,0.36999999999999994
best_val_zy_dir_top20_k3,58,2026-04-02,2026-04-16,1000000.0,1041237.5154412097,10.0,0.04123751544120968,0.04123751544120968,1.7685676601296714,3.9294138994870953,-0.024787845125198382,0.04123751544120968,0.36999999999999994
best_val_zy_dir_top20_k3,59,2026-04-03,2026-04-17,1000000.0,1081256.1083157468,10.0,0.08125610831574681,0.08125610831574681,6.161435141507134,7.675786973934339,-0.004911354778110999,0.08125610831574681,0.36999999999999994
best_val_zy_dir_top20_k3,60,2026-04-07,2026-04-20,1000000.0,1093866.0582071017,10.0,0.09386605820710159,0.09386605820710159,8.591720114204467,14.001613197091931,-0.006041578052341956,0.09386605820710159,0.36999999999999994
best_val_zy_dir_top20_k3,61,2026-04-08,2026-04-21,1000000.0,1054000.768073502,10.0,0.05400076807350196,0.05400076807350196,2.763495225290646,11.027313687145709,-0.005498932244032639,0.05400076807350196,0.36999999999999994
best_val_zy_dir_top20_k3,62,2026-04-09,2026-04-22,1000000.0,1030377.6698236828,10.0,0.03037766982368284,0.03037766982368284,1.125740474170894,6.71743881458252,-0.00811303503602745,0.03037766982368284,0.36999999999999994
best_val_zy_dir_top20_k3,63,2026-04-10,2026-04-23,1000000.0,1028425.0900187518,10.0,0.02842509001875171,0.02842509001875171,1.0265210409818653,6.630819879573996,-0.011837975661859845,0.02842509001875171,0.36999999999999994
best_val_zy_dir_top20_k3,64,2026-04-13,2026-04-24,1000000.0,1040872.4024895589,10.0,0.04087240248955881,0.04087240248955881,1.7442068608131467,8.599537591210073,-0.012938005890313686,0.04087240248955881,0.36999999999999994
best_val_zy_dir_top20_k3,65,2026-04-14,2026-04-27,1000000.0,1033691.5713445162,10.0,0.03369157134451628,0.03369157134451628,1.304902569050228,6.594883186042771,-0.013528863003253955,0.03369157134451628,0.36999999999999994
best_val_zy_dir_top20_k3,66,2026-04-15,2026-04-28,1000000.0,1012974.7848496909,10.0,0.012974784849690835,0.012974784849690835,0.3838391116043658,2.156878748047483,-0.015942218345301407,0.012974784849690835,0.36999999999999994
best_val_zy_dir_top20_k3,67,2026-04-16,2026-04-29,1000000.0,1063630.6873885493,10.0,0.06363068738854927,0.06363068738854927,3.7329252392671393,8.708230984209191,-0.012118835968673247,0.06363068738854927,0.36999999999999994
best_val_zy_dir_top20_k3,68,2026-04-17,2026-04-30,1000000.0,1046726.1334367744,10.0,0.04672613343677434,0.04672613343677434,2.160772913574038,7.484128962617263,-0.013388170895874518,0.04672613343677434,0.36999999999999994
best_val_zy_dir_top20_k3,69,2026-04-20,2026-05-06,1000000.0,1061955.8960304805,10.0,0.06195589603048046,0.06195589603048046,3.5486582458692784,11.509625635899644,-0.008653513191044349,0.06195589603048046,0.36999999999999994
best_val_zy_dir_top20_k3,70,2026-04-21,2026-05-07,1000000.0,1009683.8970484462,10.0,0.0096838970484463,0.0096838970484463,0.2748903538298155,1.3732882929061698,-0.02632098799655569,0.0096838970484463,0.36999999999999994
best_val_zy_dir_top20_k3,71,2026-04-22,2026-05-08,1000000.0,1048985.8568179568,10.0,0.04898585681795686,0.04898585681795686,2.3372961359404907,5.711857190207781,-0.02537156272470953,0.04898585681795686,0.36999999999999994
best_val_zy_dir_top20_k3,72,2026-04-23,2026-05-11,1000000.0,1045872.3419808052,10.0,0.04587234198080514,0.04587234198080514,2.0964401651363507,6.272519986945421,-0.010513159481584933,0.04587234198080514,0.36999999999999994
best_val_zy_dir_top20_k3,73,2026-04-24,2026-05-12,1000000.0,1068958.604711005,10.0,0.0689586047110049,0.0689586047110049,4.36802297423734,9.869276986145284,-0.015984242817163374,0.0689586047110049,0.36999999999999994
best_val_zy_dir_top20_k3,74,2026-04-27,2026-05-13,1000000.0,1022954.7264135255,10.0,0.022954726413525472,0.022954726413525472,0.7716650368302156,2.481412059449608,-0.03048463355541231,0.022954726413525472,0.36999999999999994
best_val_zy_dir_top20_k3,75,2026-04-28,2026-05-14,1000000.0,1043825.8706797995,10.0,0.04382587067979937,0.04382587067979937,1.947318171068912,5.537806357925897,-0.027912383974008192,0.04382587067979937,0.36999999999999994
best_val_zy_dir_top20_k3,76,2026-04-29,2026-05-15,1000000.0,1048899.0725895017,10.0,0.04889907258950177,0.04889907258950177,2.330345384318933,7.6224236457253625,-0.022728196693771463,0.04889907258950177,0.36999999999999994
best_val_zy_dir_top20_k3,77,2026-04-30,2026-05-18,1000000.0,1040255.9588733688,10.0,0.04025595887336886,0.04025595887336886,1.7035434156680074,6.511895959953318,-0.023002157661336176,0.04025595887336886,0.36999999999999994
best_val_zy_dir_top20_k3,78,2026-05-06,2026-05-19,1000000.0,1018295.1872934569,10.0,0.018295187293456916,0.018295187293456916,0.5791268504416986,3.0010641962110745,-0.027802821826033663,0.018295187293456916,0.36999999999999994
best_val_zy_dir_top20_k3,79,2026-05-07,2026-05-20,1000000.0,995525.5801041017,10.0,-0.004474419895898363,-0.004474419895898363,-0.10685683681831026,-0.648920131565458,-0.02842628677122161,-0.004474419895898363,0.36999999999999994
return_pred_top10_k5,1,2026-01-05,2026-01-16,1000000.0,1055531.8601511342,10.0,0.055531860151134094,0.055531860151134094,2.903713474514795,5.819909092191738,-0.02166675188695555,0.055531860151134094,1.0
return_pred_top10_k5,2,2026-01-06,2026-01-19,1000000.0,1086466.401562574,10.0,0.08646640156257401,0.08646640156257401,7.083710896615532,7.625948778644106,-0.02166675188695566,0.08646640156257401,1.0
return_pred_top10_k5,3,2026-01-07,2026-01-20,1000000.0,1107647.8007380378,10.0,0.1076478007380377,0.1076478007380377,12.149903816765528,8.563312329571664,-0.02166675188695555,0.1076478007380377,1.0
return_pred_top10_k5,4,2026-01-08,2026-01-21,1000000.0,1113813.3100300648,10.0,0.11381331003006467,0.11381331003006467,14.124205349907928,10.105251203344286,-0.02166675188695577,0.11381331003006467,1.0
return_pred_top10_k5,5,2026-01-09,2026-01-22,1000000.0,1152140.8479007096,10.0,0.15214084790070959,0.15214084790070959,34.47647599447957,11.059887706952914,-0.028746571192473813,0.15214084790070959,1.0
return_pred_top10_k5,6,2026-01-12,2026-01-23,1000000.0,1160306.8077945178,10.0,0.16030680779451778,0.16030680779451778,41.38728276892233,11.665111277630649,-0.010489396247267746,0.16030680779451778,1.0
return_pred_top10_k5,7,2026-01-13,2026-01-26,1000000.0,1051937.3945957036,10.0,0.05193739459570357,0.05193739459570357,2.5821628389302997,4.028597489561418,-0.022861857949893483,0.05193739459570357,1.0
return_pred_top10_k5,8,2026-01-14,2026-01-27,1000000.0,1091870.7536307788,10.0,0.09187075363077879,0.09187075363077879,8.160413535747333,9.481487633595103,-0.016174255366623425,0.09187075363077879,1.0
return_pred_top10_k5,9,2026-01-15,2026-01-28,1000000.0,1090474.082473939,10.0,0.09047408247393895,0.09047408247393895,7.869655894448471,9.11100064297429,-0.012537326160073414,0.09047408247393895,1.0
return_pred_top10_k5,10,2026-01-16,2026-01-29,1000000.0,1074955.5654193545,10.0,0.07495556541935455,0.07495556541935455,5.180746277394696,7.255894576322512,-0.024045725412208063,0.07495556541935455,1.0
return_pred_top10_k5,11,2026-01-19,2026-01-30,1000000.0,1076186.4159708244,10.0,0.07618641597082432,0.07618641597082432,5.361582286442507,7.273854230061627,-0.03245646701090954,0.07618641597082432,1.0
return_pred_top10_k5,12,2026-01-20,2026-02-02,1000000.0,1042699.1047273241,10.0,0.04269910472732419,0.04269910472732419,1.8681827294810684,4.19829090431792,-0.040802139327979936,0.04269910472732419,1.0
return_pred_top10_k5,13,2026-01-21,2026-02-03,1000000.0,1030736.9230114777,10.0,0.03073692301147779,0.03073692301147779,1.144496820958382,3.500180422809323,-0.040802139327979936,0.03073692301147779,1.0
return_pred_top10_k5,14,2026-01-22,2026-02-04,1000000.0,1039614.9959376296,10.0,0.039614995937629516,0.039614995937629516,1.6618764320435542,4.880865418466196,-0.04063586823702703,0.039614995937629516,1.0
return_pred_top10_k5,15,2026-01-23,2026-02-05,1000000.0,1011238.20257646,10.0,0.01123820257645991,0.01123820257645991,0.3252792384255214,1.549913739792041,-0.04080213932798005,0.01123820257645991,1.0
return_pred_top10_k5,16,2026-01-26,2026-02-06,1000000.0,1036156.004102126,10.0,0.03615600410212605,0.03615600410212605,1.4474494302125551,4.2922538808361415,-0.03870175608795967,0.03615600410212605,1.0
return_pred_top10_k5,17,2026-01-27,2026-02-09,1000000.0,1064620.0669997022,10.0,0.06462006699970235,0.06462006699970235,3.8451265803382286,6.441001262302318,-0.03169435110892371,0.06462006699970235,1.0
return_pred_top10_k5,18,2026-01-28,2026-02-10,1000000.0,1011716.5351199756,10.0,0.011716535119975502,0.011716535119975502,0.3411673419119998,1.6300934788073624,-0.030880668341805695,0.011716535119975502,1.0
return_pred_top10_k5,19,2026-01-29,2026-02-11,1000000.0,1007726.6343890117,10.0,0.007726634389011666,0.007726634389011666,0.21405112915254554,0.9852797125937138,-0.02804414805768929,0.007726634389011666,1.0
return_pred_top10_k5,20,2026-01-30,2026-02-12,1000000.0,1030139.7897366947,10.0,0.030139789736694622,0.030139789736694622,1.1134077304312124,3.88234567697755,-0.007627882491052174,0.030139789736694622,1.0
return_pred_top10_k5,21,2026-02-02,2026-02-13,1000000.0,1030197.5829330626,10.0,0.030197582933062517,0.030197582933062517,1.1163976480888018,5.824755292751499,-0.008102442070032079,0.030197582933062517,1.0
return_pred_top10_k5,22,2026-02-03,2026-02-24,1000000.0,1082278.4140420824,10.0,0.08227841404208247,0.08227841404208247,6.334030528434771,7.402622873261562,-0.03095742981901728,0.08227841404208247,1.0
return_pred_top10_k5,23,2026-02-04,2026-02-25,1000000.0,1033113.6864266729,10.0,0.033113686426672784,0.033113686426672784,1.2726496906917468,5.930282078574303,-0.013797334395723948,0.033113686426672784,1.0
return_pred_top10_k5,24,2026-02-05,2026-02-26,1000000.0,1027935.5877012332,10.0,0.027935587701233278,0.027935587701233278,1.0023533848620967,3.4127954281914956,-0.03353485859034766,0.027935587701233278,1.0
return_pred_top10_k5,25,2026-02-06,2026-02-27,1000000.0,1007670.8820964554,10.0,0.0076708820964555,0.0076708820964555,0.21235964938086838,1.759399683082342,-0.012478089562240058,0.0076708820964555,1.0
return_pred_top10_k5,26,2026-02-09,2026-03-02,1000000.0,980930.3981023951,10.0,-0.01906960189760487,-0.01906960189760487,-0.38442288411647174,-3.9004155778485083,-0.02775970954339868,-0.01906960189760487,1.0
return_pred_top10_k5,27,2026-02-10,2026-03-03,1000000.0,914747.3224002647,10.0,-0.08525267759973532,-0.08525267759973532,-0.8941261021603829,-8.262925820141986,-0.08075076813728677,-0.08525267759973532,1.0
return_pred_top10_k5,28,2026-02-11,2026-03-04,1000000.0,971295.7168925359,10.0,-0.02870428310746409,-0.02870428310746409,-0.5199824282127661,-1.7323414489262075,-0.0786575411446947,-0.02870428310746409,1.0
return_pred_top10_k5,29,2026-02-12,2026-03-05,1000000.0,945312.6761346824,10.0,-0.054687323865317605,-0.054687323865317605,-0.7576170114175017,-3.452898274994026,-0.0786575411446947,-0.054687323865317605,1.0
return_pred_top10_k5,30,2026-02-13,2026-03-06,1000000.0,940281.5533784543,10.0,-0.059718446621545684,-0.059718446621545684,-0.7881153544448257,-3.7842928974483576,-0.0786575411446947,-0.059718446621545684,1.0
return_pred_top10_k5,31,2026-02-24,2026-03-09,1000000.0,983262.6413395657,10.0,-0.016737358660434243,-0.016737358660434243,-0.34645969930022924,-0.7972045697678248,-0.07445594561855051,-0.016737358660434243,1.0
return_pred_top10_k5,32,2026-02-25,2026-03-10,1000000.0,984720.4614546861,10.0,-0.015279538545313831,-0.015279538545313831,-0.32159873772409897,-0.7377804085352238,-0.069432467534849,-0.015279538545313831,1.0
return_pred_top10_k5,33,2026-02-26,2026-03-11,1000000.0,965123.0465417921,10.0,-0.03487695345820785,-0.03487695345820785,-0.5912255922205679,-1.931708874820646,-0.06871478373803208,-0.03487695345820785,1.0
return_pred_top10_k5,34,2026-02-27,2026-03-12,1000000.0,967570.3216170665,10.0,-0.032429678382933536,-0.032429678382933536,-0.5642875434452451,-1.8489485685836191,-0.055322407006719976,-0.032429678382933536,1.0
return_pred_top10_k5,35,2026-03-02,2026-03-13,1000000.0,962628.3370136803,10.0,-0.037371662986319776,-0.037371662986319776,-0.6170361538390599,-2.1954090336177607,-0.04902371900081637,-0.037371662986319776,1.0
return_pred_top10_k5,36,2026-03-03,2026-03-16,1000000.0,944742.017011749,10.0,-0.05525798298825102,-0.05525798298825102,-0.7612774650465168,-3.079993740690744,-0.03856230810732297,-0.05525798298825102,1.0
return_pred_top10_k5,37,2026-03-04,2026-03-17,1000000.0,1013789.2429486093,10.0,0.013789242948609282,0.013789242948609282,0.4121521901444496,1.1900283746290616,-0.04482756777110575,0.013789242948609282,1.0
return_pred_top10_k5,38,2026-03-05,2026-03-18,1000000.0,961121.1234909638,10.0,-0.03887887650903621,-0.03887887650903621,-0.6318636677428319,-4.368107047622885,-0.04482756777110586,-0.03887887650903621,1.0
return_pred_top10_k5,39,2026-03-06,2026-03-19,1000000.0,961917.6801401023,10.0,-0.03808231985989774,-0.03808231985989774,-0.6240974593754545,-3.4398951707340206,-0.05290981885627921,-0.03808231985989774,1.0
return_pred_top10_k5,40,2026-03-09,2026-03-20,1000000.0,940158.6694202739,10.0,-0.05984133057972618,-0.05984133057972618,-0.7888120622737638,-7.25579568093911,-0.08313192507315825,-0.05984133057972618,1.0
return_pred_top10_k5,41,2026-03-10,2026-03-23,1000000.0,921171.6107543955,10.0,-0.07882838924560454,-0.07882838924560454,-0.8737062852819881,-8.14816342306852,-0.10557293099493492,-0.07882838924560454,1.0
return_pred_top10_k5,42,2026-03-11,2026-03-24,1000000.0,886849.9450409325,10.0,-0.11315005495906749,-0.11315005495906749,-0.9514908555767299,-16.966867505966466,-0.10904472560706002,-0.11315005495906749,1.0
return_pred_top10_k5,43,2026-03-12,2026-03-25,1000000.0,897099.8631743973,10.0,-0.10290013682560273,-0.10290013682560273,-0.9351980732330214,-14.975781278386782,-0.09549229414451055,-0.10290013682560273,1.0
return_pred_top10_k5,44,2026-03-13,2026-03-26,1000000.0,868191.8756431947,10.0,-0.13180812435680533,-0.13180812435680533,-0.9716132233548319,-14.481898855132142,-0.12796162356433527,-0.13180812435680533,1.0
return_pred_top10_k5,45,2026-03-16,2026-03-27,1000000.0,866417.8363205356,10.0,-0.1335821636794644,-0.1335821636794644,-0.9730393671469741,-14.837121199236314,-0.12612414272117745,-0.1335821636794644,1.0
return_pred_top10_k5,46,2026-03-17,2026-03-30,1000000.0,899246.4916254015,10.0,-0.10075350837459851,-0.10075350837459851,-0.9311752641566433,-7.903499227654736,-0.12037546361038087,-0.10075350837459851,1.0
return_pred_top10_k5,47,2026-03-18,2026-03-31,1000000.0,900024.0863108669,10.0,-0.09997591368913317,-0.09997591368913317,-0.9296597140645791,-7.772082198024945,-0.12290889284601647,-0.09997591368913317,1.0
return_pred_top10_k5,48,2026-03-19,2026-04-01,1000000.0,888657.8635210393,10.0,-0.11134213647896074,-0.11134213647896074,-0.9489363772577342,-9.610933287837142,-0.12411443469589734,-0.11134213647896074,1.0
return_pred_top10_k5,49,2026-03-20,2026-04-02,1000000.0,891277.2106039829,10.0,-0.1087227893960171,-0.1087227893960171,-0.9450050753759701,-8.242113533251752,-0.06713370543494745,-0.1087227893960171,1.0
return_pred_top10_k5,50,2026-03-23,2026-04-03,1000000.0,909234.6771085128,10.0,-0.0907653228914872,-0.0907653228914872,-0.909085120171394,-7.609777394506431,-0.07762502473166832,-0.0907653228914872,1.0
return_pred_top10_k5,51,2026-03-24,2026-04-07,1000000.0,949301.8403664727,10.0,-0.05069815963352731,-0.05069815963352731,-0.7304812802174954,-3.891337437425236,-0.06810873682950225,-0.05069815963352731,1.0
return_pred_top10_k5,52,2026-03-25,2026-04-08,1000000.0,980176.0431981713,10.0,-0.01982395680182869,-0.01982395680182869,-0.39624198929030785,-1.299678931686422,-0.05710494660262433,-0.01982395680182869,1.0
return_pred_top10_k5,53,2026-03-26,2026-04-09,1000000.0,985776.6909936675,10.0,-0.014223309006332507,-0.014223309006332507,-0.30302157985770195,-1.169275689918131,-0.03658724602719132,-0.014223309006332507,1.0
return_pred_top10_k5,54,2026-03-27,2026-04-10,1000000.0,1030578.8949509758,10.0,0.030578894950975766,0.030578894950975766,1.136226795166372,3.217722064029885,-0.03693099487406126,0.030578894950975766,1.0
return_pred_top10_k5,55,2026-03-30,2026-04-13,1000000.0,1028149.6593994919,10.0,0.028149659399491878,0.028149659399491878,1.0128882594583128,3.3641168939064907,-0.03300516900332584,0.028149659399491878,1.0
return_pred_top10_k5,56,2026-03-31,2026-04-14,1000000.0,1037421.273857425,10.0,0.037421273857424886,0.037421273857424886,1.5238862051304407,3.914625826057548,-0.03600013738135355,0.037421273857424886,1.0
return_pred_top10_k5,57,2026-04-01,2026-04-15,1000000.0,1055785.3686537184,10.0,0.055785368653718415,0.055785368653718415,2.9274087771369444,5.9864619853910295,-0.025866084886892127,0.055785368653718415,1.0
return_pred_top10_k5,58,2026-04-02,2026-04-16,1000000.0,1059365.5055913555,10.0,0.05936550559135556,0.05936550559135556,3.2771536857708785,6.138251039461906,-0.023116943854093575,0.05936550559135556,1.0
return_pred_top10_k5,59,2026-04-03,2026-04-17,1000000.0,1090269.3890605937,10.0,0.09026938906059367,0.09026938906059367,7.827794881587328,7.689853017037631,-0.00025126334205272105,0.09026938906059367,1.0
return_pred_top10_k5,60,2026-04-07,2026-04-20,1000000.0,1096135.6860999577,10.0,0.0961356860999576,0.0961356860999576,9.106034772478122,12.804264192077463,-0.010722176599502697,0.0961356860999576,1.0
return_pred_top10_k5,61,2026-04-08,2026-04-21,1000000.0,1041594.4406901516,10.0,0.04159444069015161,0.04159444069015161,1.7925828227197451,4.700257277246123,-0.032253823775137636,0.04159444069015161,1.0
return_pred_top10_k5,62,2026-04-09,2026-04-22,1000000.0,1062151.081518102,10.0,0.06215108151810189,0.06215108151810189,3.5697732438191094,6.762591130966438,-0.032253823775137636,0.06215108151810189,1.0
return_pred_top10_k5,63,2026-04-10,2026-04-23,1000000.0,1043874.8732054527,10.0,0.0438748732054528,0.0438748732054528,1.9508068795826352,4.55473578921423,-0.032253823775137636,0.0438748732054528,1.0
return_pred_top10_k5,64,2026-04-13,2026-04-24,1000000.0,1037054.51910517,10.0,0.0370545191051701,0.0370545191051701,1.5014972279265377,3.686664082630783,-0.03640833007278865,0.0370545191051701,1.0
return_pred_top10_k5,65,2026-04-14,2026-04-27,1000000.0,1017378.7257960843,10.0,0.017378725796084238,0.017378725796084238,0.5436997328890485,1.9277639886809779,-0.0387202235844869,0.017378725796084238,1.0
return_pred_top10_k5,66,2026-04-15,2026-04-28,1000000.0,989870.8263172207,10.0,-0.010129173682779324,-0.010129173682779324,-0.22628890350756137,-1.1132273041537206,-0.04346664740805761,-0.010129173682779324,1.0
return_pred_top10_k5,67,2026-04-16,2026-04-29,1000000.0,996413.6009823882,10.0,-0.0035863990176117078,-0.0035863990176117078,-0.08656193782234178,-0.3016174787655472,-0.04380164917305074,-0.0035863990176117078,1.0
return_pred_top10_k5,68,2026-04-17,2026-04-30,1000000.0,1004628.4516273192,10.0,0.0046284516273191745,0.0046284516273191745,0.1234090833853243,0.641875309375502,-0.037090533100636924,0.0046284516273191745,1.0
return_pred_top10_k5,69,2026-04-20,2026-05-06,1000000.0,1004491.882830782,10.0,0.004491882830782057,0.004491882830782057,0.11956696903257469,0.658946061876447,-0.03309936807842373,0.004491882830782057,1.0
return_pred_top10_k5,70,2026-04-21,2026-05-07,1000000.0,999950.2414883198,10.0,-4.975851168020906e-05,-4.975851168020906e-05,-0.001253159830446826,0.10690568771096037,-0.03708241762469511,-4.975851168020906e-05,1.0
return_pred_top10_k5,71,2026-04-22,2026-05-08,1000000.0,1038716.6050496332,10.0,0.03871660504963326,0.03871660504963326,1.6045114671554987,5.2594990850139345,-0.0307553852063841,0.03871660504963326,1.0
return_pred_top10_k5,72,2026-04-23,2026-05-11,1000000.0,1034818.3836930647,10.0,0.03481838369306467,0.03481838369306467,1.369060831554794,4.608176846068837,-0.02218365898004293,0.03481838369306467,1.0
return_pred_top10_k5,73,2026-04-24,2026-05-12,1000000.0,1016970.2739126635,10.0,0.01697027391266337,0.01697027391266337,0.5281575035833304,2.5424810839015652,-0.018235137101358823,0.01697027391266337,1.0
return_pred_top10_k5,74,2026-04-27,2026-05-13,1000000.0,1057118.4798760982,10.0,0.057118479876098194,0.057118479876098194,3.054304438612256,9.803074323102695,-0.010300469365318143,0.057118479876098194,1.0
return_pred_top10_k5,75,2026-04-28,2026-05-14,1000000.0,1058035.9263488513,10.0,0.05803592634885124,0.05803592634885124,3.143911301784313,8.745103101171237,-0.013810067119661151,0.05803592634885124,1.0
return_pred_top10_k5,76,2026-04-29,2026-05-15,1000000.0,1052792.1235109104,10.0,0.05279212351091034,0.05279212351091034,2.6562358516336815,8.917886442811007,-0.013810067119661151,0.05279212351091034,1.0
return_pred_top10_k5,77,2026-04-30,2026-05-18,1000000.0,1031115.2107267905,10.0,0.031115210726790465,0.031115210726790465,1.164418693240667,6.393319678027626,-0.01381006711966104,0.031115210726790465,1.0
return_pred_top10_k5,78,2026-05-06,2026-05-19,1000000.0,1043292.8261114712,10.0,0.04329282611147112,0.04329282611147112,1.9096233388588555,7.703177516470087,-0.013810067119661151,0.04329282611147112,1.0
return_pred_top10_k5,79,2026-05-07,2026-05-20,1000000.0,1055754.7242110518,10.0,0.055754724211051876,0.055754724211051876,2.9245371356699,9.849057087121937,-0.012290267061171978,0.055754724211051876,1.0
zy_return_top10_k0_diag,1,2026-01-05,2026-01-16,1000000.0,1043695.0078599158,10.0,0.04369500785991587,0.04369500785991587,1.9380208653273443,7.137914719234581,-0.01703194833416377,0.04369500785991587,0.18000000000000002
zy_return_top10_k0_diag,2,2026-01-06,2026-01-19,1000000.0,1050182.4061066043,10.0,0.050182406106604294,0.050182406106604294,2.4345623324445285,10.417070362608957,-0.0069660130059155945,0.050182406106604294,0.19000000000000003
zy_return_top10_k0_diag,3,2026-01-07,2026-01-20,1000000.0,1036950.2451445626,10.0,0.036950245144562466,0.036950245144562466,1.4951666033371924,6.590523480787887,-0.00753965515250643,0.036950245144562466,0.19000000000000003
zy_return_top10_k0_diag,4,2026-01-08,2026-01-21,1000000.0,1063989.202763759,10.0,0.06398920276375897,0.06398920276375897,3.7732915811313585,10.105404591337319,-0.013366916181313582,0.06398920276375897,0.19000000000000003
zy_return_top10_k0_diag,5,2026-01-09,2026-01-22,1000000.0,1002999.801882846,10.0,0.002999801882846098,0.002999801882846098,0.07840365308090802,0.4642562734221381,-0.04409792436546378,0.002999801882846098,0.19000000000000003
zy_return_top10_k0_diag,6,2026-01-12,2026-01-23,1000000.0,1076826.9595818957,10.0,0.07682695958189578,0.07682695958189578,5.457689892851592,9.928519944097285,-0.009335728848717362,0.07682695958189578,0.19000000000000003
zy_return_top10_k0_diag,7,2026-01-13,2026-01-26,1000000.0,1005555.0978517703,10.0,0.005555097851770441,0.005555097851770441,0.14981501745760895,0.9070772405174157,-0.010812611641287773,0.005555097851770441,0.18000000000000002
zy_return_top10_k0_diag,8,2026-01-14,2026-01-27,1000000.0,1022040.0876720153,10.0,0.022040087672015263,0.022040087672015263,0.7321753331960505,3.800146360268544,-0.012362944223855976,0.022040087672015263,0.19000000000000003
zy_return_top10_k0_diag,9,2026-01-15,2026-01-28,1000000.0,1000882.9712893841,10.0,0.0008829712893840824,0.0008829712893840824,0.02249023506306358,0.22936952543528263,-0.024268011299576342,0.0008829712893840824,0.19000000000000003
zy_return_top10_k0_diag,10,2026-01-16,2026-01-29,1000000.0,994470.3691083309,10.0,-0.005529630891669024,-0.005529630891669024,-0.13040995631952468,-0.8622638108753699,-0.04032013483705921,-0.005529630891669024,0.19000000000000003
zy_return_top10_k0_diag,11,2026-01-19,2026-01-30,1000000.0,1039001.7128460566,10.0,0.03900171284605647,0.03900171284605647,1.62258661618373,4.856752955775975,-0.035823235751970106,0.03900171284605647,0.19000000000000003
zy_return_top10_k0_diag,12,2026-01-20,2026-02-02,1000000.0,1028708.5819706637,10.0,0.028708581970663838,0.028708581970663838,1.040645407055702,3.599668996661788,-0.02031968755253799,0.028708581970663838,0.19000000000000003
zy_return_top10_k0_diag,13,2026-01-21,2026-02-03,1000000.0,988789.8202302065,10.0,-0.011210179769793549,-0.011210179769793549,-0.24730251830266092,-1.9356037627694131,-0.03936827125055353,-0.011210179769793549,0.19000000000000003
zy_return_top10_k0_diag,14,2026-01-22,2026-02-04,1000000.0,1020306.1193987391,10.0,0.020306119398739053,0.020306119398739053,0.659618942085864,4.4434951070919695,-0.020468786257445526,0.020306119398739053,0.19000000000000003
zy_return_top10_k0_diag,15,2026-01-23,2026-02-05,1000000.0,986827.6594737524,10.0,-0.013172340526247606,-0.013172340526247606,-0.28405261866584874,-2.894015831428743,-0.025888446583445912,-0.013172340526247606,0.19000000000000003
zy_return_top10_k0_diag,16,2026-01-26,2026-02-06,1000000.0,996733.2159699298,10.0,-0.003266784030070191,-0.003266784030070191,-0.07914962645252388,-0.4471548437266396,-0.027947112742353952,-0.003266784030070191,0.19000000000000003
zy_return_top10_k0_diag,17,2026-01-27,2026-02-09,1000000.0,999745.1636289897,10.0,-0.0002548363710103141,-0.0002548363710103141,-0.006402113533432563,0.04210594436497219,-0.02518670422688074,-0.0002548363710103141,0.19000000000000003
zy_return_top10_k0_diag,18,2026-01-28,2026-02-10,1000000.0,1038238.8773745039,10.0,0.03823887737450393,0.03823887737450393,1.57449254151885,9.218893035293844,-0.005376632851766816,0.03823887737450393,0.19000000000000003
zy_return_top10_k0_diag,19,2026-01-29,2026-02-11,1000000.0,1022565.5463312832,10.0,0.02256554633128327,0.02256554633128327,0.7547575758669554,4.0448665190016175,-0.004533090019524066,0.02256554633128327,0.19000000000000003
zy_return_top10_k0_diag,20,2026-01-30,2026-02-12,1000000.0,1015945.5369164312,10.0,0.01594553691643119,0.01594553691643119,0.48982327646069446,2.957285963214215,-0.010349654914736717,0.01594553691643119,0.19000000000000003
zy_return_top10_k0_diag,21,2026-02-02,2026-02-13,1000000.0,1011606.1084420283,10.0,0.011606108442028251,0.011606108442028251,0.337483294531542,3.136467214831723,-0.01267947096942379,0.011606108442028251,0.19000000000000003
zy_return_top10_k0_diag,22,2026-02-03,2026-02-24,1000000.0,1029001.9247865713,10.0,0.029001924786571376,0.029001924786571376,1.0553600722811316,5.224977146854373,-0.007532770601958005,0.029001924786571376,0.19000000000000003
zy_return_top10_k0_diag,23,2026-02-04,2026-02-25,1000000.0,1017237.3122740302,10.0,0.017237312274030137,0.017237312274030137,0.5383016270073775,3.217044754503577,-0.016280093552470176,0.017237312274030137,0.19000000000000003
zy_return_top10_k0_diag,24,2026-02-05,2026-02-26,1000000.0,1021546.1478663082,10.0,0.021546147866308152,0.021546147866308152,0.711202316980065,4.969837621559722,-0.011942139976944599,0.021546147866308152,0.18000000000000002
zy_return_top10_k0_diag,25,2026-02-06,2026-02-27,1000000.0,1021698.761868597,10.0,0.021698761868597094,0.021698761868597094,0.7176562366413446,5.42383081042577,-0.007972297885345814,0.021698761868597094,0.18000000000000002
zy_return_top10_k0_diag,26,2026-02-09,2026-03-02,1000000.0,995332.593477702,10.0,-0.004667406522298023,-0.004667406522298023,-0.11120973036480875,-1.1820066480470304,-0.014716734200018178,-0.004667406522298023,0.18000000000000002
zy_return_top10_k0_diag,27,2026-02-10,2026-03-03,1000000.0,962871.1305794282,10.0,-0.03712886942057181,-0.03712886942057181,-0.6145946196239034,-4.226877138866982,-0.05998113056830878,-0.03712886942057181,0.18000000000000002
zy_return_top10_k0_diag,28,2026-02-11,2026-03-04,1000000.0,960540.4030296524,10.0,-0.03945959697034762,-0.03945959697034762,-0.6374281703493536,-4.316393290124343,-0.06535831978752216,-0.03945959697034762,0.18000000000000002
zy_return_top10_k0_diag,29,2026-02-12,2026-03-05,1000000.0,955897.480217403,10.0,-0.04410251978259694,-0.04410251978259694,-0.6791033501176331,-7.978615471255526,-0.041792610199403835,-0.04410251978259694,0.18000000000000002
zy_return_top10_k0_diag,30,2026-02-13,2026-03-06,1000000.0,994956.5347348114,10.0,-0.005043465265188618,-0.005043465265188618,-0.11963343475188815,-0.6158531254453724,-0.042101386991652,-0.005043465265188618,0.18000000000000002
zy_return_top10_k0_diag,31,2026-02-24,2026-03-09,1000000.0,996044.0812677632,10.0,-0.003955918732236885,-0.003955918732236885,-0.09506019808332855,-0.16350527685291125,-0.05902063485862841,-0.003955918732236885,0.18000000000000002
zy_return_top10_k0_diag,32,2026-02-25,2026-03-10,1000000.0,1004254.0623674331,10.0,0.004254062367433198,0.004254062367433198,0.11290642423425945,0.5405292217566657,-0.06086115624284305,0.004254062367433198,0.18000000000000002
zy_return_top10_k0_diag,33,2026-02-26,2026-03-11,1000000.0,991536.4098193076,10.0,-0.008463590180692426,-0.008463590180692426,-0.19280513015950385,-1.1355399811619658,-0.02789348264164826,-0.008463590180692426,0.19000000000000003
zy_return_top10_k0_diag,34,2026-02-27,2026-03-12,1000000.0,963199.2999503453,10.0,-0.036800700049654744,-0.036800700049654744,-0.6112707786552678,-3.858608790392106,-0.04596632071140516,-0.036800700049654744,0.19000000000000003
zy_return_top10_k0_diag,35,2026-03-02,2026-03-13,1000000.0,963480.3767717961,10.0,-0.0365196232282039,-0.0365196232282039,-0.6084020409658342,-3.7803570023909527,-0.034747176247987066,-0.0365196232282039,0.19000000000000003
zy_return_top10_k0_diag,36,2026-03-03,2026-03-16,1000000.0,984323.9609805063,10.0,-0.01567603901949377,-0.01567603901949377,-0.3284489407924245,-1.1151547529159582,-0.05027091631058367,-0.01567603901949377,0.19000000000000003
zy_return_top10_k0_diag,37,2026-03-04,2026-03-17,1000000.0,1016274.9777787755,10.0,0.0162749777787754,0.0162749777787754,0.5020454175590183,1.6480973117521263,-0.05121056230193555,0.0162749777787754,0.19000000000000003
zy_return_top10_k0_diag,38,2026-03-05,2026-03-18,1000000.0,974106.8142786837,10.0,-0.02589318572131627,-0.02589318572131627,-0.4837193455386738,-2.610436463659855,-0.059538963562274616,-0.02589318572131627,0.19000000000000003
zy_return_top10_k0_diag,39,2026-03-06,2026-03-19,1000000.0,988889.6704961262,10.0,-0.011110329503873806,-0.011110329503873806,-0.2453847462235672,-0.9717073381954013,-0.05778032180301185,-0.011110329503873806,0.19000000000000003
zy_return_top10_k0_diag,40,2026-03-09,2026-03-20,1000000.0,923668.7546786722,10.0,-0.07633124532132785,-0.07633124532132785,-0.8647897639717401,-6.272644229651859,-0.11030394164724477,-0.07633124532132785,0.19000000000000003
zy_return_top10_k0_diag,41,2026-03-10,2026-03-23,1000000.0,894578.1371556566,10.0,-0.1054218628443434,-0.1054218628443434,-0.9396356318540094,-10.072122327736588,-0.12243099881274899,-0.1054218628443434,0.19000000000000003
zy_return_top10_k0_diag,42,2026-03-11,2026-03-24,1000000.0,911778.9676796308,10.0,-0.08822103232036915,-0.08822103232036915,-0.9024522710153067,-7.3536034600649405,-0.09692326383374827,-0.08822103232036915,0.19000000000000003
zy_return_top10_k0_diag,43,2026-03-12,2026-03-25,1000000.0,915513.4318094496,10.0,-0.08448656819055045,-0.08448656819055045,-0.8918688172828358,-5.494956015337373,-0.11572736289201746,-0.08448656819055045,0.19000000000000003
zy_return_top10_k0_diag,44,2026-03-13,2026-03-26,1000000.0,919312.5822589943,10.0,-0.08068741774100563,-0.08068741774100563,-0.8799747152179883,-5.286768581231702,-0.10730889060409121,-0.08068741774100563,0.18000000000000002
zy_return_top10_k0_diag,45,2026-03-16,2026-03-27,1000000.0,911202.9788993443,10.0,-0.08879702110065568,-0.08879702110065568,-0.9039933540029486,-5.82750059086561,-0.1131703712387292,-0.08879702110065568,0.19000000000000003
zy_return_top10_k0_diag,46,2026-03-17,2026-03-30,1000000.0,942532.4150384543,10.0,-0.05746758496154569,-0.05746758496154569,-0.7749564150095243,-3.4838390730672413,-0.0948458491247206,-0.05746758496154569,0.19000000000000003
zy_return_top10_k0_diag,47,2026-03-18,2026-03-31,1000000.0,958299.8447377862,10.0,-0.04170015526221382,-0.04170015526221382,-0.6581498867034312,-2.1288978533678735,-0.11071808637151337,-0.04170015526221382,0.19000000000000003
zy_return_top10_k0_diag,48,2026-03-19,2026-04-01,1000000.0,964091.7021077796,10.0,-0.03590829789222039,-0.03590829789222039,-0.602092346955338,-2.8780409309247674,-0.07473231937655878,-0.03590829789222039,0.18000000000000002
zy_return_top10_k0_diag,49,2026-03-20,2026-04-02,1000000.0,1000316.0783984358,10.0,0.0003160783984359483,0.0003160783984359483,0.007995713435308804,0.2232745591386823,-0.029086510972976654,0.0003160783984359483,0.19000000000000003
zy_return_top10_k0_diag,50,2026-03-23,2026-04-03,1000000.0,987285.6287270073,10.0,-0.012714371272992686,-0.012714371272992686,-0.27563251781306597,-0.8940484055072067,-0.03939926352164225,-0.012714371272992686,0.19000000000000003
zy_return_top10_k0_diag,51,2026-03-24,2026-04-07,1000000.0,971130.5649528807,10.0,-0.028869435047119252,-0.028869435047119252,-0.5220349918097085,-3.057560138664017,-0.06883849451326218,-0.028869435047119252,0.19000000000000003
zy_return_top10_k0_diag,52,2026-03-25,2026-04-08,1000000.0,1035692.5648986198,10.0,0.035692564898619716,0.035692564898619716,1.4200126411902048,4.133232073125178,-0.024780622417622244,0.035692564898619716,0.19000000000000003
zy_return_top10_k0_diag,53,2026-03-26,2026-04-09,1000000.0,1025114.9949966628,10.0,0.02511499499666292,0.02511499499666292,0.8683970537520957,2.3388212158219246,-0.0309145536825719,0.02511499499666292,0.19000000000000003
zy_return_top10_k0_diag,54,2026-03-27,2026-04-10,1000000.0,1060594.979924148,10.0,0.06059497992414786,0.06059497992414786,3.4040180711461696,5.971953636678781,-0.03412058400401907,0.06059497992414786,0.19000000000000003
zy_return_top10_k0_diag,55,2026-03-30,2026-04-13,1000000.0,1031826.479789197,10.0,0.03182647978919695,0.03182647978919695,1.202358721616589,2.8297234175196766,-0.04334950336888532,0.03182647978919695,0.19000000000000003
zy_return_top10_k0_diag,56,2026-03-31,2026-04-14,1000000.0,1027073.839742297,10.0,0.027073839742296935,0.027073839742296935,0.960478226310393,2.393861941038465,-0.038415676584869995,0.027073839742296935,0.19000000000000003
zy_return_top10_k0_diag,57,2026-04-01,2026-04-15,1000000.0,1030366.3379974657,10.0,0.030366337997465687,0.030366337997465687,1.1251514183414844,2.509351594020296,-0.037311179998613664,0.030366337997465687,0.19000000000000003
zy_return_top10_k0_diag,58,2026-04-02,2026-04-16,1000000.0,1049388.7253114665,10.0,0.04938872531146643,0.04938872531146643,2.3697456694957517,5.281183394796533,-0.01816919198811051,0.04938872531146643,0.19000000000000003
zy_return_top10_k0_diag,59,2026-04-03,2026-04-17,1000000.0,1054551.863294075,10.0,0.05455186329407491,0.05455186329407491,2.8133983403737166,5.771577389679331,-0.012153790654540031,0.05455186329407491,0.19000000000000003
zy_return_top10_k0_diag,60,2026-04-07,2026-04-20,1000000.0,1076177.0187743427,10.0,0.07617701877434269,0.07617701877434269,5.360182600483358,12.041529042521493,-0.006712415112107961,0.07617701877434269,0.19000000000000003
zy_return_top10_k0_diag,61,2026-04-08,2026-04-21,1000000.0,1029869.2894416904,10.0,0.02986928944169054,0.02986928944169054,1.0994673012841774,7.274710036113947,-0.009122219258844821,0.02986928944169054,0.19000000000000003
zy_return_top10_k0_diag,62,2026-04-09,2026-04-22,1000000.0,1023308.1021972039,10.0,0.023308102197203917,0.023308102197203917,0.7871524501535552,6.123969765453415,-0.008084995580866172,0.023308102197203917,0.19000000000000003
zy_return_top10_k0_diag,63,2026-04-10,2026-04-23,1000000.0,1008260.1558532343,10.0,0.008260155853234252,0.008260155853234252,0.2303527690081142,2.032856951791151,-0.015782094421344706,0.008260155853234252,0.19000000000000003
zy_return_top10_k0_diag,64,2026-04-13,2026-04-24,1000000.0,1005269.1200973225,10.0,0.005269120097322499,0.005269120097322499,0.1416027873066954,1.069735593886144,-0.019456426282809414,0.005269120097322499,0.19000000000000003
zy_return_top10_k0_diag,65,2026-04-14,2026-04-27,1000000.0,998690.6110204917,10.0,-0.0013093889795082747,-0.0013093889795082747,-0.032479072531169106,-0.1698077382356475,-0.0206046955156326,-0.0013093889795082747,0.19000000000000003
zy_return_top10_k0_diag,66,2026-04-15,2026-04-28,1000000.0,992164.9468375532,10.0,-0.007835053162446814,-0.007835053162446814,-0.17981134108402974,-0.8373821039224268,-0.03606897738100823,-0.007835053162446814,0.18000000000000002
zy_return_top10_k0_diag,67,2026-04-16,2026-04-29,1000000.0,1017364.2223173459,10.0,0.0173642223173458,0.0173642223173458,0.5431452629712428,2.0509498220382874,-0.033748817591662816,0.0173642223173458,0.19000000000000003
zy_return_top10_k0_diag,68,2026-04-17,2026-04-30,1000000.0,1025969.2754219678,10.0,0.025969275421967808,0.025969275421967808,0.908032426697299,2.1571910188711336,-0.057827756316736645,0.025969275421967808,0.18000000000000002
zy_return_top10_k0_diag,69,2026-04-20,2026-05-06,1000000.0,999371.4377628746,10.0,-0.0006285622371253741,-0.0006285622371253741,-0.015719880942346,-0.05334296205762312,-0.018147337572574584,-0.0006285622371253741,0.19000000000000003
zy_return_top10_k0_diag,70,2026-04-21,2026-05-07,1000000.0,1012191.7601795805,10.0,0.012191760179580458,0.012191760179580458,0.3571332754252299,1.6412486492766531,-0.02477584159553048,0.012191760179580458,0.19000000000000003
zy_return_top10_k0_diag,71,2026-04-22,2026-05-08,1000000.0,997674.3222699972,10.0,-0.0023256777300028064,-0.0023256777300028064,-0.05698711748078056,-0.2585342370063405,-0.033408137264653415,-0.0023256777300028064,0.19000000000000003
zy_return_top10_k0_diag,72,2026-04-23,2026-05-11,1000000.0,1031188.0017308196,10.0,0.03118800173081948,0.03118800173081948,1.1682724415611028,5.549707267932622,-0.016231051349172243,0.03118800173081948,0.18000000000000002
zy_return_top10_k0_diag,73,2026-04-24,2026-05-12,1000000.0,1044387.1078735314,10.0,0.044387107873531395,0.044387107873531395,1.9875133493337716,6.603525442017011,-0.014011517630773684,0.044387107873531395,0.19000000000000003
zy_return_top10_k0_diag,74,2026-04-27,2026-05-13,1000000.0,1022218.224627166,10.0,0.02221822462716605,0.02221822462716605,0.739799540032738,2.9738237182954785,-0.021525848047733276,0.02221822462716605,0.19000000000000003
zy_return_top10_k0_diag,75,2026-04-28,2026-05-14,1000000.0,1044064.8223962697,10.0,0.04406482239626963,0.04406482239626963,1.9643677275386802,6.215365588555387,-0.012832313399391948,0.04406482239626963,0.19000000000000003
zy_return_top10_k0_diag,76,2026-04-29,2026-05-15,1000000.0,1036377.0766426814,10.0,0.036377076642681416,0.036377076642681416,1.4606424895279684,6.6780357265009584,-0.01658294890756795,0.036377076642681416,0.19000000000000003
zy_return_top10_k0_diag,77,2026-04-30,2026-05-18,1000000.0,1127611.3494386906,10.0,0.12761134943869057,0.12761134943869057,19.626134617272783,15.973666830379173,-0.009077456170618392,0.12761134943869057,0.19000000000000003
zy_return_top10_k0_diag,78,2026-05-06,2026-05-19,1000000.0,1053635.0930381534,10.0,0.05363509303815328,0.05363509303815328,2.7307291667360194,11.2290570836425,-0.008631287464797466,0.05363509303815328,0.19000000000000003
zy_return_top10_k0_diag,79,2026-05-07,2026-05-20,1000000.0,1063401.948023511,10.0,0.06340194802351107,0.06340194802351107,3.707342294140509,7.933655318957344,-0.011840419207375663,0.06340194802351107,0.18000000000000002
