score_variant,top_n,daily_replace_k,val_period_return,val_sharpe,val_max_drawdown,val_turnover_mean,val_day_count,val_final_nav,hold_period_return,hold_sharpe,hold_max_drawdown,hold_turnover_mean,hold_day_count,hold_final_nav,val_excess_equal,hold_excess_equal
y_score,5,0,0.0721463153577564,1.0741757498897035,-0.11698250953119094,0.19999999999999998,88.0,1072146.3153577563,-0.06573758549060316,-10.984668360431817,-0.05784648958310035,0.3333333333333333,6.0,934262.4145093969,-0.04255686304800532,-0.023790935939211555
y_score,5,1,-0.01620099735882996,-0.04870957540346715,-0.17111206404598223,0.4068181818181818,88.0,983799.00264117,-0.06432248911083671,-9.763303270634708,-0.06103707106559797,0.49999999999999994,6.0,935677.5108891632,-0.13090417576459168,-0.02237583955944511
y_score,5,2,-0.023840451787565664,-0.11681157333847633,-0.1444128803372431,0.8022727272727272,88.0,976159.5482124343,-0.06217690692191802,-9.232548007199947,-0.05999736609928463,0.8333333333333334,6.0,937823.093078082,-0.13854363019332738,-0.020230257370526417
y_score,5,3,0.042969590780714606,0.5773195348442407,-0.15715109105179426,1.1977272727272725,88.0,1042969.5907807145,-0.06439895400529205,-10.382921751991478,-0.05917244254110887,1.1666666666666667,6.0,935601.045994708,-0.07173358762504711,-0.02245230445390045
y_score,5,5,-0.030361272501991943,-0.2521360441527876,-0.1598694083355029,1.9886363636363635,88.0,969638.727498008,-0.0465187625152812,-5.673796670202595,-0.06045311380248242,1.8333333333333333,6.0,953481.2374847188,-0.14506445090775366,-0.004572112963889596
y_score,10,0,0.08454660500244304,1.2309974069042706,-0.11475609969418077,0.1056818181818182,88.0,1084546.605002443,-0.05684336201892404,-8.368787762838291,-0.05550981550932732,0.25000000000000006,6.0,943156.6379810759,-0.030156573403318676,-0.014896712467532436
y_score,10,1,0.04561181771421485,0.6447266665130393,-0.14383330446978448,0.20909090909090908,88.0,1045611.8177142149,-0.054066158897760896,-7.40157693929521,-0.0579446929660179,0.3333333333333333,6.0,945933.8411022391,-0.06909136069154687,-0.012119509346369295
y_score,10,2,0.0739354357770512,0.9528613560880264,-0.14214902408142038,0.4068181818181818,88.0,1073935.4357770511,-0.05906337452776267,-8.637164793271607,-0.0585716592066966,0.49999999999999994,6.0,940936.6254722374,-0.040767742628710524,-0.017116724976371067
y_score,10,3,0.03562032750309996,0.5453349238677883,-0.13461468826322942,0.6045454545454544,88.0,1035620.3275031,-0.0645914067027733,-9.86902188989853,-0.06118875587101891,0.6666666666666666,6.0,935408.5932972267,-0.07908285090266176,-0.0226447571513817
y_score,10,5,-0.009401367448663378,0.0011825540301840585,-0.1511589716520627,1.0,88.0,990598.6325513367,-0.05669437213064077,-7.500075746358006,-0.062460468976147876,1.0,6.0,943305.6278693592,-0.1241045458544251,-0.014747722579249167
y_score,10,10,0.004735647396697296,0.17304058569619407,-0.09359729340125622,1.9886363636363635,88.0,1004735.6473966972,-0.05118213780882719,-6.684627264568918,-0.058500421486647136,1.8333333333333333,6.0,948817.8621911728,-0.10996753100906442,-0.009235488257435587
y_score,20,0,0.08166855957692887,1.2408003647522992,-0.10490575317072803,0.058522727272727275,88.0,1081668.5595769288,-0.04493918730801483,-5.889901666155706,-0.05729596154778982,0.20833333333333337,6.0,955060.8126919852,-0.03303461882883285,-0.002992537756623226
y_score,20,1,0.03638629368696522,0.5683278332142006,-0.12777388847611826,0.11022727272727272,88.0,1036386.2936869651,-0.042753373123760374,-5.680144732517466,-0.052686007357385045,0.25000000000000006,6.0,957246.6268762397,-0.0783168847187965,-0.0008067235723687727
y_score,20,2,0.07903369998159393,1.0551455135389316,-0.13774338110919082,0.20909090909090908,88.0,1079033.699981594,-0.04592403970018921,-6.101019944960829,-0.05546981362903225,0.3333333333333333,6.0,954075.9602998107,-0.03566947842416779,-0.0039773901487976104
y_score,20,3,0.08326646941467963,1.105093744597214,-0.1312620293553357,0.30795454545454537,88.0,1083266.4694146796,-0.05161811799878391,-6.793387561575918,-0.0614534304546932,0.4166666666666667,6.0,948381.882001216,-0.031436708991082085,-0.009671468447392306
y_score,20,5,0.05051139853507092,0.7312727600985169,-0.12322392768087664,0.5056818181818182,88.0,1050511.398535071,-0.04571425936016604,-5.380753917070883,-0.06383404212598554,0.5833333333333334,6.0,954285.740639834,-0.0641917798706908,-0.0037676098087744414
y_score,20,10,0.08577089858654396,1.1313027506829816,-0.1087138605112109,1.0,88.0,1085770.898586544,-0.04193326238963857,-4.919765974346927,-0.06069060558182815,1.0,6.0,958066.7376103614,-0.028932279819217754,1.338716175303123e-05
y_score,20,20,0.014974208905417896,0.2997203017824637,-0.11547932348632539,1.9886363636363635,88.0,1014974.2089054178,-0.05603102841746421,-8.08806293550794,-0.06234445279131606,1.8333333333333333,6.0,943968.9715825358,-0.09972896950034382,-0.014084378866072611
y_score,30,0,0.07757416907810732,1.180524043586698,-0.10779524003155372,0.042424242424242434,88.0,1077574.1690781072,-0.04969097017263846,-7.256398715483269,-0.0564156765687851,0.19444444444444453,6.0,950309.0298273616,-0.037129009327654394,-0.0077443206212468585
y_score,30,1,0.058168278801570716,0.8427971605208491,-0.12336398287223227,0.07727272727272726,88.0,1058168.2788015706,-0.0487907055801452,-7.410556249101149,-0.05245555081320041,0.2222222222222222,6.0,951209.2944198548,-0.056534899604191,-0.006844056028753598
y_score,30,2,0.07460138077819356,1.0477455394685764,-0.121655670704239,0.14318181818181816,88.0,1074601.3807781935,-0.05038936440456798,-7.646066210354849,-0.05390431190552769,0.27777777777777773,6.0,949610.635595432,-0.04010179762756816,-0.00844271485317638
y_score,30,3,0.086465725511089,1.1578977655089908,-0.12469512669577909,0.20909090909090908,88.0,1086465.725511089,-0.0562303864781627,-8.115059351393953,-0.06127815895767852,0.3333333333333333,6.0,943769.6135218373,-0.02823745289467272,-0.014283736926771096
y_score,30,5,0.09212339764009836,1.244728801775629,-0.1137176307709512,0.3409090909090909,88.0,1092123.3976400984,-0.05072203140193221,-6.468774772124565,-0.06414234474365821,0.4444444444444444,6.0,949277.9685980678,-0.02257978076566336,-0.008775381850540609
y_score,30,10,0.1059615604249311,1.4166214828916281,-0.11000991462198972,0.6704545454545455,88.0,1105961.560424931,-0.05039767810429285,-6.364137051932532,-0.06376649416448654,0.7222222222222222,6.0,949602.3218957072,-0.008741617980830618,-0.008451028552901252
y_score,30,30,-0.030847265667066304,-0.27827541746727097,-0.13012867929252991,1.9886363636363635,88.0,969152.7343329337,-0.062025894774950796,-9.559480754274535,-0.06402584984310655,1.8333333333333333,6.0,937974.1052250492,-0.14555044407282802,-0.020079245223559194
y_score,50,0,0.09130267232617406,1.3701546689341226,-0.10831174311176839,0.029772727272727274,88.0,1091302.672326174,-0.059989512448706095,-9.905758869277225,-0.055283769879369116,0.18333333333333335,6.0,940010.4875512939,-0.023400506079587657,-0.018042862897314493
y_score,50,1,0.09277799777362161,1.3021070829405805,-0.1163333222245555,0.05090909090909091,88.0,1092777.9977736217,-0.0603971613183506,-10.370510074450515,-0.05284523738677949,0.20000000000000004,6.0,939602.8386816494,-0.021925180632140107,-0.018450511766959
y_score,50,2,0.0769605686306627,1.0932207953946482,-0.11886919397300544,0.09045454545454545,88.0,1076960.5686306627,-0.05523472817753183,-8.662219901113746,-0.05470798872820237,0.2333333333333334,6.0,944765.2718224681,-0.03774260977509902,-0.013288078626140232
y_score,50,3,0.10589200340154559,1.4237319485247995,-0.11450074780630537,0.13000000000000003,88.0,1105892.0034015456,-0.05838369636972751,-9.29031528255949,-0.056525723145593454,0.2666666666666668,6.0,941616.3036302725,-0.008811175004216132,-0.01643704681833591
y_score,50,5,0.08867149482741743,1.213947576720791,-0.11143954113418819,0.20909090909090908,88.0,1088671.4948274174,-0.05651576014442283,-8.291767511005544,-0.05921929194761011,0.3333333333333333,6.0,943484.2398555771,-0.02603168357834429,-0.014569110593031231
y_score,50,10,0.11743161905303223,1.5781374827747432,-0.10849729489419913,0.4068181818181818,88.0,1117431.6190530322,-0.057866119183571096,-7.769564979785878,-0.06510589796507138,0.49999999999999994,6.0,942133.8808164289,0.0027284406472705136,-0.015919469632179495
y_score,50,50,-0.015401026343258684,-0.08509405010864168,-0.12600219241579536,1.9886363636363635,88.0,984598.9736567413,-0.06496751772630083,-10.282976431505682,-0.06234881892876709,1.8333333333333333,6.0,935032.4822736991,-0.1301042047490204,-0.023020868174909226
return_pred,5,0,0.0075779810802734104,0.20883252675350217,-0.12945991969875903,0.19772727272727272,88.0,1007577.9810802734,0.06245229090246074,6.704884624423091,-0.015630689448906554,0.26666666666666666,6.0,1062452.2909024607,-0.10712519732548831,0.10439894045385234
return_pred,5,1,-0.15552443923681503,-1.5760623563999865,-0.2670874817417106,0.4068181818181818,88.0,844475.560763185,0.04721498809592117,7.011736251698743,-0.012772311813831316,0.49999999999999994,6.0,1047214.9880959211,-0.27022761764257675,0.08916163764731277
return_pred,5,2,0.06179649215366134,0.6771508709767043,-0.19462275614151903,0.8022727272727272,88.0,1061796.4921536613,-0.05911626515778057,-8.092045760915793,-0.07195376970163947,0.8333333333333334,6.0,940883.7348422194,-0.05290668625210038,-0.017169615606388966
return_pred,5,3,0.012996583115639115,0.28090368606599947,-0.27458021817593126,1.1977272727272725,88.0,1012996.583115639,-0.12561135459272266,-15.400040924329724,-0.12431984376888228,1.1666666666666667,6.0,874388.6454072774,-0.1017065952901226,-0.08366470504133106
return_pred,5,5,0.17753120492022867,1.503348447718944,-0.21542306313034199,1.9886363636363635,88.0,1177531.2049202286,-0.06697567057481468,-7.077799696294008,-0.08448496889662949,1.8333333333333333,6.0,933024.3294251853,0.06282802651446695,-0.02502902102342308
return_pred,10,0,0.0681739217681816,0.959746414938238,-0.12958068075118567,0.10454545454545454,88.0,1068173.9217681815,0.06503025514440575,8.981443881111588,-0.012458864599466324,0.20000000000000004,6.0,1065030.2551444056,-0.04652925663758012,0.10697690469579735
return_pred,10,1,-0.09686881604244157,-1.2418755621904272,-0.2083086477317615,0.20909090909090908,88.0,903131.1839575585,0.007909838916373646,1.6028272310826541,-0.028289726050997777,0.3333333333333333,6.0,1007909.8389163737,-0.2115719944482033,0.04985648846776525
return_pred,10,2,-0.026150859495317036,-0.15423282821382797,-0.19524796780037612,0.4068181818181818,88.0,973849.140504683,0.0034559146459807177,0.7255111303607549,-0.02403426445360557,0.49999999999999994,6.0,1003455.9146459807,-0.14085403790107875,0.04540256419737232
return_pred,10,3,0.01481505023255969,0.2917685202750286,-0.19413410467329428,0.6045454545454544,88.0,1014815.0502325598,-0.01721776975616618,-2.8749596471578402,-0.040051355597414906,0.6666666666666666,6.0,982782.2302438339,-0.09988812817320203,0.024728879795225422
return_pred,10,5,0.12886575899814745,1.424071240700924,-0.19297364460646504,1.0,88.0,1128865.7589981474,-0.025193828062935242,-4.65315097633611,-0.042975322368759006,1.0,6.0,974806.1719370647,0.014162580592385732,0.01675282148845636
return_pred,10,10,0.018112571958553536,0.3222458656181125,-0.24279239665006058,1.9886363636363635,88.0,1018112.5719585535,-0.035201847353012794,-6.313703288941939,-0.054678905080549955,1.8333333333333333,6.0,964798.1526469872,-0.09659060644720818,0.006744802198378808
return_pred,20,0,0.07361077859779752,1.033287768324535,-0.1334311404461187,0.05795454545454545,88.0,1073610.7785977975,-0.0025731559356496625,-0.27601091351095336,-0.030063277634885477,0.18333333333333335,6.0,997426.8440643504,-0.0410923998079642,0.03937349361574194
return_pred,20,1,-0.03528172840114474,-0.3804007389161821,-0.15213334888580043,0.11022727272727272,88.0,964718.2715988553,-0.029935919156099167,-5.690400601556969,-0.042027598104142916,0.25000000000000006,6.0,970064.0808439008,-0.14998490680690646,0.012010730395292435
return_pred,20,2,0.022099406077572548,0.39696812107201057,-0.1287340452933622,0.20909090909090908,88.0,1022099.4060775725,-0.02692624432368984,-5.559203744901921,-0.03311959465352898,0.3333333333333333,6.0,973073.7556763102,-0.09260377232818917,0.01502040522770176
return_pred,20,3,-0.008686219719570842,0.0005567953916062123,-0.15280506172687813,0.30795454545454537,88.0,991313.7802804292,-0.04522218547356993,-9.259441683002168,-0.04523063944089789,0.4166666666666667,6.0,954777.8145264301,-0.12338939812533256,-0.00327553592217833
return_pred,20,5,0.07422546046180312,0.9932893946884348,-0.14731847296313683,0.5056818181818182,88.0,1074225.460461803,-0.04497463266735613,-10.88427001121179,-0.04353786004744897,0.5833333333333334,6.0,955025.3673326438,-0.0404777179439586,-0.0030279831159645276
return_pred,20,10,0.116940093713505,1.4273859796135082,-0.1702727596586444,1.0,88.0,1116940.093713505,-0.02792717214902829,-4.710356916541972,-0.03914271230441313,1.0,6.0,972072.8278509717,0.0022369153077432813,0.014019477402363312
return_pred,20,20,0.060888091260385524,0.8049430810038799,-0.1874311103728059,1.9886363636363635,88.0,1060888.0912603855,-0.07094311107798257,-10.38247712561488,-0.07114759944273075,1.8333333333333333,6.0,929056.8889220174,-0.053815087145376195,-0.028996461526590966
return_pred,30,0,0.08414062171222958,1.1831251438895725,-0.12739198478867986,0.042424242424242434,88.0,1084140.6217122297,-0.013731880115720463,-1.5676318114728098,-0.03514221875878365,0.1777777777777778,6.0,986268.1198842796,-0.03056255669353214,0.02821476943567114
return_pred,30,1,0.025368871375172297,0.45243237746571124,-0.13509615464336355,0.07727272727272726,88.0,1025368.8713751724,-0.021691458252881213,-2.8546656112240587,-0.03556707603444609,0.2222222222222222,6.0,978308.5417471188,-0.08933430703058942,0.02025519129851039
return_pred,30,2,0.028571830777174956,0.49468432343313845,-0.12257377294753213,0.14318181818181816,88.0,1028571.830777175,-0.029030934368904804,-3.829357990338754,-0.0393898870594146,0.27777777777777773,6.0,970969.0656310952,-0.08613134762858676,0.012915715182486798
return_pred,30,3,0.08838306879920377,1.2329433359895594,-0.1327427874785786,0.20909090909090908,88.0,1088383.0687992037,-0.042463293840085736,-6.022039465357295,-0.044451908083532166,0.3333333333333333,6.0,957536.7061599143,-0.02632010960655795,-0.0005166442886941347
return_pred,30,5,0.037304756411866036,0.5967614057888531,-0.1285003298727473,0.3409090909090909,88.0,1037304.7564118659,-0.03947305947594648,-6.662826048808942,-0.03577558792627966,0.4444444444444444,6.0,960526.9405240535,-0.07739842199389568,0.00247359007544512
return_pred,30,10,0.08028041090493154,1.1034161354253647,-0.14788480731199194,0.6704545454545455,88.0,1080280.4109049316,-0.029794367604386696,-5.202412055433412,-0.025359317245655655,0.7222222222222222,6.0,970205.6323956134,-0.034422767500830176,0.012152281947004906
return_pred,30,30,0.08884124997676257,1.1320549771343829,-0.17022722901998988,1.9886363636363635,88.0,1088841.2499767626,-0.0812499492827713,-16.708566494197427,-0.0650792155122355,1.8333333333333333,6.0,918750.0507172287,-0.025861928428999148,-0.03930329973137969
return_pred,50,0,0.08174957042894682,1.1301217118422449,-0.13392021686022204,0.029999999999999995,88.0,1081749.5704289468,-0.025488598555150954,-3.476470610256459,-0.041396937027606606,0.17333333333333334,6.0,974511.4014448491,-0.0329536079768149,0.016458050996240647
return_pred,50,1,0.06399866825933276,0.9500244543935595,-0.1345422014868437,0.05090909090909091,88.0,1063998.6682593327,-0.020740636360270903,-2.917044364645983,-0.03685095797655247,0.20000000000000004,6.0,979259.3636397291,-0.05070451014642896,0.0212060131911207
return_pred,50,2,0.050906460542851084,0.7989163052017778,-0.12035268410399169,0.09045454545454545,88.0,1050906.4605428511,-0.029579686070314026,-4.606363594475092,-0.03810233100792226,0.2333333333333334,6.0,970420.313929686,-0.06379671786291063,0.012366963481077575
return_pred,50,3,0.07782427076119247,1.1499002396615974,-0.11465340270074342,0.13000000000000003,88.0,1077824.2707611925,-0.03915357269344755,-5.9901520365691665,-0.04413575742921527,0.2666666666666668,6.0,960846.4273065524,-0.03687890764456925,0.0027930768579440546
return_pred,50,5,0.0660336473790768,0.9823009613007107,-0.12409268094578829,0.20909090909090908,88.0,1066033.6473790768,-0.04232053998826002,-7.842071490232846,-0.0382002861064098,0.3333333333333333,6.0,957679.46001174,-0.04866953102668492,-0.00037389043686841816
return_pred,50,10,0.07219986829807046,1.0532090325554244,-0.12640198853572604,0.4068181818181818,88.0,1072199.8682980705,-0.03311157134275522,-5.379340577453102,-0.03904959122131957,0.49999999999999994,6.0,966888.4286572448,-0.04250331010769126,0.008835078208636382
return_pred,50,50,0.01830830786924742,0.34277292898880696,-0.17510546770616953,1.9886363636363635,88.0,1018308.3078692474,-0.04653968281976728,-8.499245380193582,-0.044492408038974696,1.8333333333333333,6.0,953460.3171802327,-0.0963948705365143,-0.004593033268375679
direction_prob,5,0,0.07733106306720705,1.2087558484529852,-0.09430616125226965,0.19999999999999998,88.0,1077331.063067207,-0.05629458125406561,-9.563911580781722,-0.04898770545075537,0.3333333333333333,6.0,943705.4187459344,-0.03737211533855467,-0.01434793170267401
direction_prob,5,1,0.18928810602662471,2.3969132006586436,-0.10700614331553071,0.4068181818181818,88.0,1189288.1060266248,-0.06524245789168737,-17.196046846321195,-0.043513855076514174,0.49999999999999994,6.0,934757.5421083126,0.074584927620863,-0.023295808340295765
direction_prob,5,2,0.05045634849537639,0.7019640751339957,-0.12644341719844976,0.8022727272727272,88.0,1050456.3484953763,-0.07153663333571425,-15.890561133923395,-0.05075549755861464,0.8333333333333334,6.0,928463.3666642858,-0.06424682991038533,-0.02958998378432265
direction_prob,5,3,0.05638931753427712,0.7603519921012898,-0.12561144761511267,1.1977272727272725,88.0,1056389.3175342772,-0.07645360355970399,-15.198144197902494,-0.05920133009150996,1.1666666666666667,6.0,923546.396440296,-0.0583138608714846,-0.034506954008312385
direction_prob,5,5,0.09933845287656617,1.175683161166401,-0.14062362438100884,1.9886363636363635,88.0,1099338.4528765662,-0.09637190710463106,-20.074932127976744,-0.07517895795559926,1.8333333333333333,6.0,903628.0928953689,-0.015364725529195544,-0.05442525755323946
direction_prob,10,0,0.09036870195907354,1.4028534634530165,-0.09341254180329528,0.1056818181818182,88.0,1090368.7019590735,-0.05092002192609202,-11.056765991820448,-0.045896436252178985,0.25000000000000006,6.0,949079.978073908,-0.02433447644668818,-0.008973372374700417
direction_prob,10,1,0.11740357376192367,1.6395781161204008,-0.10215266368183695,0.20909090909090908,88.0,1117403.5737619237,-0.0421241013345498,-10.01762906536184,-0.03652931808708382,0.3333333333333333,6.0,957875.8986654502,0.0027003953561619554,-0.0001774517831582001
direction_prob,10,2,0.0710541246861136,1.0032197654881885,-0.1143382226633134,0.4068181818181818,88.0,1071054.1246861136,-0.04452556976662159,-10.103677020482497,-0.03889221733912562,0.49999999999999994,6.0,955474.4302333784,-0.04364905371964811,-0.002578920215229985
direction_prob,10,3,0.0884737743261863,1.2524040132019802,-0.12807276861489258,0.6045454545454544,88.0,1088473.7743261864,-0.06566040459302791,-15.017231195881378,-0.0542992880359473,0.6666666666666666,6.0,934339.5954069721,-0.026229404079575414,-0.02371375504163631
direction_prob,10,5,0.14905115517684453,1.9201450988311635,-0.10890986345970843,1.0,88.0,1149051.1551768444,-0.08065809790308054,-18.88559328222875,-0.06590056733331762,1.0,6.0,919341.9020969195,0.03434797677108281,-0.03871144835168894
direction_prob,10,10,0.026482837021558625,0.43441697221464726,-0.13973592425683234,1.9886363636363635,88.0,1026482.8370215587,-0.06989122557810568,-17.296791464170557,-0.06006820213673203,1.8333333333333333,6.0,930108.7744218943,-0.0882203413842031,-0.027944576026714074
direction_prob,20,0,0.12395289419912592,1.9153321746322787,-0.08468636675970043,0.058522727272727275,88.0,1123952.894199126,-0.04970476815351965,-12.087543753496947,-0.04046772581394875,0.20000000000000004,6.0,950295.2318464804,0.0092497157933642,-0.00775811860212805
direction_prob,20,1,0.10405920495688359,1.5574027638040087,-0.09053537838347103,0.11022727272727272,88.0,1104059.2049568836,-0.045574608788626736,-11.648057761254634,-0.03579769982408787,0.25000000000000006,6.0,954425.3912113733,-0.01064397344887813,-0.0036279592372351344
direction_prob,20,2,0.06987747913810693,1.0284790943739195,-0.11076231747293241,0.20909090909090908,88.0,1069877.479138107,-0.04744481615948426,-11.255782233620202,-0.04001901566406929,0.3333333333333333,6.0,952555.1838405158,-0.044825699267654784,-0.005498166608092658
direction_prob,20,3,0.1389689548394415,1.8807640424668046,-0.11714977995157294,0.30795454545454537,88.0,1138968.9548394415,-0.06031237440290449,-15.615459797558465,-0.04729172747689003,0.4166666666666667,6.0,939687.6255970955,0.024265776433679775,-0.018365724851512888
direction_prob,20,5,0.11901043498064379,1.6380108832174811,-0.11367308039092805,0.5056818181818182,88.0,1119010.4349806437,-0.06934005822194877,-17.35697958616737,-0.05537796354990954,0.5833333333333334,6.0,930659.9417780512,0.004307256574882068,-0.027393408670557173
direction_prob,20,10,0.11575033690435022,1.535124883030921,-0.12178700810310206,1.0,88.0,1115750.3369043502,-0.0713829769655111,-18.007299165552144,-0.05818176410942544,1.0,6.0,928617.0230344889,0.0010471584985884963,-0.0294363274141195
direction_prob,20,20,0.0019467955014764726,0.1365622376841847,-0.1534990440219064,1.9886363636363635,88.0,1001946.7955014764,-0.05644427472022351,-10.423384438065032,-0.05597642212124532,1.8333333333333333,6.0,943555.7252797765,-0.11275638290428525,-0.014497625168831907
direction_prob,30,0,0.11349424780974915,1.7333097857864528,-0.09228911933748485,0.042803030303030315,88.0,1113494.247809749,-0.04744437348052255,-9.44522574791802,-0.04517794669120179,0.18888888888888897,6.0,952555.6265194775,-0.0012089305960125696,-0.005497723929130949
direction_prob,30,1,0.06874914018191736,1.063600666264671,-0.0980486058448814,0.07727272727272726,88.0,1068749.1401819175,-0.04381941654296373,-9.04212501248651,-0.04146379533121247,0.2222222222222222,6.0,956180.5834570363,-0.04595403822384436,-0.001872766991572128
direction_prob,30,2,0.08768923736640177,1.2466635397184886,-0.10785097929177934,0.14318181818181816,88.0,1087689.2373664018,-0.0439979875157166,-9.232587055971912,-0.04084097380968155,0.27777777777777773,6.0,956002.0124842834,-0.027013941039359946,-0.002051337964324995
direction_prob,30,3,0.13092139393436653,1.8102630469249492,-0.10837168942853692,0.20909090909090908,88.0,1130921.3939343665,-0.04941927233066756,-10.191274353966248,-0.04562545977254062,0.3333333333333333,6.0,950580.7276693324,0.016218215528604807,-0.007472622779275961
direction_prob,30,5,0.13256779411306496,1.8283804707361972,-0.11279494871618223,0.3409090909090909,88.0,1132567.7941130649,-0.06072065941686089,-12.345752547441815,-0.05393158625726635,0.4444444444444444,6.0,939279.3405831391,0.017864615707303244,-0.018774009865469288
direction_prob,30,10,0.09558053055694682,1.3336217686035807,-0.11988832162490148,0.6704545454545455,88.0,1095580.5305569468,-0.06382936822518015,-15.585020207953061,-0.05140116831686903,0.7222222222222222,6.0,936170.6317748198,-0.0191226478488149,-0.021882718673788548
direction_prob,30,30,-0.025058536560427114,-0.22743248656994056,-0.1513761069482782,1.9886363636363635,88.0,974941.4634395728,-0.05477553763844101,-10.401750332389616,-0.05306264309439768,1.8333333333333333,6.0,945224.462361559,-0.13976171496618883,-0.012828888087049406
direction_prob,50,0,0.11242249524860237,1.7043029999268364,-0.09371270808214038,0.030227272727272728,88.0,1112422.4952486025,-0.05190238811720338,-11.582414963009105,-0.04332134681991551,0.17666666666666667,6.0,948097.6118827966,-0.0022806831571593467,-0.009955738565811778
direction_prob,50,1,0.04684523958951936,0.7649174088973237,-0.10630900810891275,0.05090909090909091,88.0,1046845.2395895193,-0.05053706306816419,-11.686538489129592,-0.04114510240957048,0.20000000000000004,6.0,949462.9369318358,-0.06785793881624236,-0.008590413516772588
direction_prob,50,2,0.12819227912214237,1.8106450023509368,-0.10407762879862326,0.09045454545454545,88.0,1128192.2791221424,-0.050259605478202296,-11.089278661065247,-0.04268431151484209,0.2333333333333334,6.0,949740.3945217977,0.013489100716380653,-0.008312955926810695
direction_prob,50,3,0.12266518481125366,1.6764714663924358,-0.10798401604177876,0.13000000000000003,88.0,1122665.1848112536,-0.04821576146256501,-10.628462445693236,-0.04133994716620348,0.2666666666666668,6.0,951784.238537435,0.00796200640549194,-0.006269111911173408
direction_prob,50,5,0.10987942552292496,1.5457463491776995,-0.11078578721902632,0.20909090909090908,88.0,1109879.4255229249,-0.05143323642182451,-11.41516960671497,-0.04331900732385563,0.3333333333333333,6.0,948566.7635781755,-0.004823752882836763,-0.009486586870432911
direction_prob,50,10,0.0823366775883898,1.203617699058617,-0.11815573602514062,0.4068181818181818,88.0,1082336.6775883897,-0.05801136964661058,-12.202095703021945,-0.04929096281245127,0.49999999999999994,6.0,941988.6303533894,-0.03236650081737191,-0.016064720095218976
direction_prob,50,50,-0.030559852847806268,-0.3160552399083015,-0.15008428610872948,1.9886363636363635,88.0,969440.1471521937,-0.056415562447599266,-10.786000630938872,-0.05261164738981339,1.8333333333333333,6.0,943584.4375524007,-0.145263031253568,-0.014468912896207664
z_y_plus_return,5,0,0.08696864119725833,1.289592826320991,-0.11181553734038818,0.20227272727272724,88.0,1086968.6411972584,0.08928350824172293,9.174672731229492,-0.02226455734010857,0.26666666666666666,6.0,1089283.5082417228,-0.027734537208503385,0.13123015779311453
z_y_plus_return,5,1,0.07950278043858261,0.9523975077176,-0.17354775799119326,0.4068181818181818,88.0,1079502.7804385826,0.04782492105749281,6.2016458788430535,-0.032344440047312406,0.49999999999999994,6.0,1047824.9210574927,-0.03520039796717911,0.08977157060888441
z_y_plus_return,5,2,0.044244345949080666,0.5965101278284962,-0.14231551087983763,0.8022727272727272,88.0,1044244.3459490808,-0.009956949579998264,-1.0160562035571064,-0.05933878509315482,0.8333333333333334,6.0,990043.0504200017,-0.07045883245668105,0.03198969997139334
z_y_plus_return,5,3,-0.0062852784089163505,0.07115467535549061,-0.207372430357876,1.1977272727272725,88.0,993714.7215910837,-0.09809083285795428,-8.615282774322838,-0.12889215383825336,1.1666666666666667,6.0,901909.1671420457,-0.12098845681467807,-0.05614418330656268
z_y_plus_return,5,5,-0.09904995483726986,-1.0303835057987085,-0.2187327719082235,1.9886363636363635,88.0,900950.0451627302,-0.09661466681007069,-12.044867700094414,-0.107689946086449,1.8333333333333333,6.0,903385.3331899293,-0.21375313324303158,-0.05466801725867909
z_y_plus_return,10,0,0.10586641203193858,1.5346325020882754,-0.11211838395555485,0.10681818181818183,88.0,1105866.4120319386,0.04139510428467674,4.1513631636724755,-0.04505888647253398,0.2166666666666667,6.0,1041395.1042846767,-0.008836766373823135,0.08334175383606834
z_y_plus_return,10,1,0.056385924735655735,0.7689034419241552,-0.15186823799477922,0.20909090909090908,88.0,1056385.9247356558,0.0052293934636531425,0.8679057166802611,-0.04501262821729035,0.3333333333333333,6.0,1005229.393463653,-0.058317253670105984,0.047176043015044744
z_y_plus_return,10,2,0.09443230665216906,1.1798090916049764,-0.1538716502643993,0.4068181818181818,88.0,1094432.306652169,-0.008917972881529401,-0.9941893256535745,-0.05172819306098886,0.49999999999999994,6.0,991082.0271184706,-0.020270871753592656,0.0330286766698622
z_y_plus_return,10,3,0.0983397570852349,1.2687925454175029,-0.13524894083589478,0.6045454545454544,88.0,1098339.7570852349,-0.028589054817956483,-4.277701973305961,-0.05366733924773315,0.6666666666666666,6.0,971410.9451820435,-0.016363421320526816,0.013357594733435119
z_y_plus_return,10,5,0.018087584839596937,0.3387735926244118,-0.12255728231199559,1.0,88.0,1018087.5848395969,-0.056843103311016385,-9.903933195175657,-0.07399838468332509,1.0,6.0,943156.8966889837,-0.09661559356616478,-0.014896453759624784
z_y_plus_return,10,10,-0.025064056049396766,-0.20933121673990499,-0.17056674215423673,1.9886363636363635,88.0,974935.9439506033,-0.04767222813448002,-7.559647320865564,-0.06898163770214294,1.8333333333333333,6.0,952327.7718655199,-0.13976723445515848,-0.00572557858308842
z_y_plus_return,20,0,0.10743336637193623,1.595200151141615,-0.10630570094156677,0.05909090909090909,88.0,1107433.3663719362,-0.017479782419341672,-1.814962442411862,-0.04873389785104476,0.18333333333333335,6.0,982520.2175806584,-0.007269812033825485,0.02446686713204993
z_y_plus_return,20,1,0.049077244203500126,0.7094734798227041,-0.14059281118744793,0.11022727272727272,88.0,1049077.2442035002,-0.04348968903211492,-6.466279401535349,-0.05092234648836147,0.25000000000000006,6.0,956510.3109678851,-0.0656259342022616,-0.0015430394807233183
z_y_plus_return,20,2,0.05479924387242474,0.7850867715353155,-0.1428260920353932,0.20909090909090908,88.0,1054799.2438724248,-0.03806031588302472,-5.608990576362738,-0.04593521964790526,0.3333333333333333,6.0,961939.6841169753,-0.05990393453333698,0.0038863336683668814
z_y_plus_return,20,3,0.0799992242214218,1.114440973502753,-0.1326270858061822,0.30795454545454537,88.0,1079999.2242214219,-0.048379313665811274,-8.215499595662124,-0.0451728965559004,0.4166666666666667,6.0,951620.6863341887,-0.034703954184339914,-0.006432664114419673
z_y_plus_return,20,5,0.08204096844268505,1.1545298838653606,-0.1341336793173059,0.5056818181818182,88.0,1082040.968442685,-0.04588836032316812,-6.977175938594605,-0.04874260450137846,0.5833333333333334,6.0,954111.6396768319,-0.03266220996307667,-0.003941710771776519
z_y_plus_return,20,10,0.07592455574467372,1.0640997038514421,-0.11896972280850937,1.0,88.0,1075924.5557446738,-0.06611847158462436,-10.409000770771693,-0.06269016251395865,1.0,6.0,933881.5284153756,-0.038778622661088,-0.02417182203323276
z_y_plus_return,20,20,-0.028035158266321303,-0.2644402052979992,-0.1567656386481444,1.9886363636363635,88.0,971964.8417336787,-0.07148880986947026,-10.307936017798708,-0.0713291513210852,1.8333333333333333,6.0,928511.1901305297,-0.14273833667208302,-0.02954216031807866
z_y_plus_return,30,0,0.11960754683997243,1.7124064931091365,-0.10879791313584708,0.04318181818181819,88.0,1119607.5468399725,-0.029032809635514578,-4.175875026946565,-0.044185210067575365,0.1777777777777778,6.0,970967.1903644854,0.004904368434210715,0.012913839915877023
z_y_plus_return,30,1,0.08664975730581137,1.2239236259429738,-0.12183092620090474,0.07727272727272726,88.0,1086649.7573058114,-0.04225079042256685,-7.314716964590596,-0.044331842141006494,0.2222222222222222,6.0,957749.2095774332,-0.02805342109995035,-0.00030414087117525135
z_y_plus_return,30,2,0.0726824817738494,1.0225872799376519,-0.1328474942501381,0.14318181818181816,88.0,1072682.4817738493,-0.0429321372885364,-7.076608450924697,-0.04693377573492552,0.27777777777777773,6.0,957067.8627114636,-0.042020696631912324,-0.0009854877371447968
z_y_plus_return,30,3,0.06127692787194294,0.8857745593471071,-0.13347013593140666,0.20909090909090908,88.0,1061276.927871943,-0.052743072714054096,-8.832204030261812,-0.05253722768680269,0.3333333333333333,6.0,947256.9272859459,-0.053426250533818775,-0.010796423162662494
z_y_plus_return,30,5,0.06296354753288402,0.9218287149620413,-0.13576185462137091,0.3409090909090909,88.0,1062963.547532884,-0.04033902177090698,-6.7789068932611025,-0.04323139014444832,0.4444444444444444,6.0,959660.978229093,-0.051739630872877695,0.0016076277804846217
z_y_plus_return,30,10,0.1030668621197175,1.4024451189935314,-0.12151457773121188,0.6704545454545455,88.0,1103066.8621197175,-0.0572618991977929,-9.993024666800249,-0.05516128824315947,0.7222222222222222,6.0,942738.1008022071,-0.011636316286044224,-0.015315249646401297
z_y_plus_return,30,30,-0.0052133375318199615,0.04588973704286219,-0.14514148765171997,1.9886363636363635,88.0,994786.6624681801,-0.05461619985230415,-9.428347536238219,-0.053479030694310814,1.8333333333333333,6.0,945383.8001476958,-0.11991651593758168,-0.012669550300912547
z_y_plus_return,50,0,0.11656622720600485,1.674620871905773,-0.10824474944122753,0.030227272727272728,88.0,1116566.2272060048,-0.04674256585803627,-7.383621899770059,-0.04869058059002407,0.17,6.0,953257.4341419637,0.0018630488002431278,-0.004795916306644665
z_y_plus_return,50,1,0.07479655072473435,1.1863293565461184,-0.1024430628487305,0.05090909090909091,88.0,1074796.5507247343,-0.042136927837789995,-6.1088864905834495,-0.04984044607272087,0.20000000000000004,6.0,957863.07216221,-0.03990662768102737,-0.00019027828639839317
z_y_plus_return,50,2,0.09233898039010269,1.30979018195271,-0.1277141455680808,0.09045454545454545,88.0,1092338.9803901026,-0.052082154547816395,-8.038482539181409,-0.053173895285996586,0.2333333333333334,6.0,947917.8454521836,-0.02236419801565903,-0.010135504996424793
z_y_plus_return,50,3,0.05846544786755037,0.8666324154567852,-0.130402100350265,0.13000000000000003,88.0,1058465.4478675504,-0.05895185090469135,-9.531596419775838,-0.05541130272420747,0.2666666666666668,6.0,941048.1490953086,-0.05623773053821135,-0.017005201353299748
z_y_plus_return,50,5,0.06919510183997524,1.0082865234076563,-0.1303543156807745,0.20909090909090908,88.0,1069195.1018399752,-0.056341792322081474,-9.151912356614448,-0.053502170076947464,0.3333333333333333,6.0,943658.2076779185,-0.04550807656578648,-0.014395142770689873
z_y_plus_return,50,10,0.10900336288163648,1.5171075255605606,-0.12073571460952415,0.4068181818181818,88.0,1109003.3628816365,-0.058256052717371,-9.314079712934761,-0.05671383288204801,0.49999999999999994,6.0,941743.947282629,-0.00569981552412524,-0.016309403165979397
z_y_plus_return,50,50,-0.00721271444368754,0.012077319015604158,-0.14603169253231196,1.9886363636363635,88.0,992787.2855563124,-0.06392034578104255,-11.476393401095152,-0.05503812470048097,1.8333333333333333,6.0,936079.6542189574,-0.12191589284944926,-0.021973696229650952
z_y_plus_direction,5,0,0.047000050867843424,0.7660348895875035,-0.09908025383713903,0.20227272727272724,88.0,1047000.0508678434,-0.062401545204128106,-16.417114393212795,-0.047589217911831905,0.3333333333333333,6.0,937598.4547958719,-0.0677031275379183,-0.020454895652736504
z_y_plus_direction,5,1,0.20091559526751812,2.1061057656612907,-0.1268701699167606,0.4068181818181818,88.0,1200915.5952675182,-0.05315211054574043,-13.646984639055049,-0.04151961169696761,0.49999999999999994,6.0,946847.8894542595,0.0862124168617564,-0.011205460994348826
z_y_plus_direction,5,2,0.11182640088532425,1.332886372208048,-0.13323195580731595,0.8022727272727272,88.0,1111826.4008853242,-0.0729476256128504,-15.934602119548968,-0.060017596431365616,0.8333333333333334,6.0,927052.3743871496,-0.002876777520437468,-0.031000976061458796
z_y_plus_direction,5,3,0.12192688846904387,1.510973014823226,-0.10592057734939109,1.1977272727272725,88.0,1121926.888469044,-0.07220863587429882,-14.327884022507357,-0.06324773148248986,1.1666666666666667,6.0,927791.3641257011,0.007223710063282152,-0.03026198632290722
z_y_plus_direction,5,5,0.07845926379509982,0.995578541679817,-0.1120997325984876,1.9886363636363635,88.0,1078459.2637951,-0.071573570088038,-13.838361460327341,-0.06347018280356176,1.8333333333333333,6.0,928426.429911962,-0.0362439146106619,-0.029626920536646395
z_y_plus_direction,10,0,0.04764529263753858,0.797894288704699,-0.09077180906761484,0.1068181818181818,88.0,1047645.2926375386,-0.060734691269240026,-12.04471003663435,-0.05043751857959167,0.25000000000000006,6.0,939265.30873076,-0.06705788576822314,-0.018788041717848425
z_y_plus_direction,10,1,0.10287260535923282,1.2621690728707888,-0.12008076220830333,0.20909090909090908,88.0,1102872.6053592328,-0.05684918842986397,-11.453766841565422,-0.04747394760770607,0.3333333333333333,6.0,943150.811570136,-0.011830573046528903,-0.014902538878472371
z_y_plus_direction,10,2,0.15229203891424414,1.8260388409801172,-0.12538170082422395,0.4068181818181818,88.0,1152292.0389142442,-0.055934239952767695,-9.647217553828318,-0.05379517322453564,0.49999999999999994,6.0,944065.7600472323,0.037588860508482425,-0.013987590401376093
z_y_plus_direction,10,3,0.19841200796483882,2.402495108488035,-0.1112068819785742,0.6045454545454544,88.0,1198412.0079648388,-0.06955870476649928,-11.451253617394741,-0.06472929990652643,0.6666666666666666,6.0,930441.2952335008,0.0837088295590771,-0.027612055215107678
z_y_plus_direction,10,5,0.1278891706470755,1.6069278654633918,-0.10001470442245364,1.0,88.0,1127889.1706470754,-0.0680778447681265,-12.628345642312402,-0.0592608737063437,1.0,6.0,931922.1552318735,0.013185992241313782,-0.026131195216734904
z_y_plus_direction,10,10,-0.04170213509536658,-0.4090559672475406,-0.15503785321343622,1.9886363636363635,88.0,958297.8649046334,-0.07441501816408058,-13.92740293776204,-0.062205531299352135,1.8333333333333333,6.0,925584.9818359194,-0.1564053135011283,-0.03246836861268898
z_y_plus_direction,20,0,0.08260355267070785,1.2611405940247928,-0.09395792597858266,0.05909090909090908,88.0,1082603.552670708,-0.056488737609370676,-10.510219958621688,-0.05027544890634905,0.20833333333333337,6.0,943511.2623906293,-0.03209962573505387,-0.014542088057979075
z_y_plus_direction,20,1,0.11507642158553688,1.540440385289826,-0.10106167806365751,0.11022727272727272,88.0,1115076.4215855368,-0.05424170369250736,-9.757915812651445,-0.050212482261314695,0.25000000000000006,6.0,945758.2963074927,0.0003732431797751623,-0.012295054141115758
z_y_plus_direction,20,2,0.11233914073926443,1.4612819031417414,-0.11642248387478837,0.20909090909090908,88.0,1112339.1407392644,-0.05594666880886878,-9.5859508474824,-0.054088223704243266,0.3333333333333333,6.0,944053.3311911313,-0.0023640376664972873,-0.014000019257477181
z_y_plus_direction,20,3,0.20235849951268592,2.43047689493236,-0.10832630742134619,0.30795454545454537,88.0,1202358.499512686,-0.05608376171875884,-9.134819362007415,-0.05561021004677136,0.4166666666666667,6.0,943916.2382812412,0.0876553211069242,-0.014137112167367238
z_y_plus_direction,20,5,0.14649641758947474,1.863702205034965,-0.11210595915142807,0.5056818181818182,88.0,1146496.4175894747,-0.06034525018140979,-10.496743016811921,-0.0568186165303356,0.5833333333333334,6.0,939654.7498185902,0.03179323918371302,-0.01839860063001819
z_y_plus_direction,20,10,0.046221929337110224,0.6988332056487986,-0.12893545627578806,1.0,88.0,1046221.9293371103,-0.07401410803023512,-13.233222787704067,-0.0651427967289635,1.0,6.0,925985.8919697648,-0.0684812490686515,-0.032067458478843514
z_y_plus_direction,20,20,0.013513027705284841,0.2843409821181828,-0.13968645898837173,1.9886363636363635,88.0,1013513.0277052848,-0.06451408079350396,-9.915074003514007,-0.06538980030342278,1.8333333333333333,6.0,935485.9192064961,-0.10119015070047688,-0.022567431242112357
z_y_plus_direction,30,0,0.08902166281710411,1.346646094677272,-0.09828257202842439,0.042803030303030315,88.0,1089021.662817104,-0.05662414240429614,-13.4047428292068,-0.0492800509249679,0.19444444444444453,6.0,943375.8575957039,-0.02568151558865761,-0.014677492852904539
z_y_plus_direction,30,1,0.0727102089235454,1.049156696831388,-0.10759441863953234,0.07727272727272726,88.0,1072710.2089235454,-0.0558201621621085,-12.573688787882173,-0.050387563199938756,0.2222222222222222,6.0,944179.8378378915,-0.041992969482216314,-0.013873512610716898
z_y_plus_direction,30,2,0.11270221163265637,1.5399121919628684,-0.11435716141132168,0.14318181818181816,88.0,1112702.2116326564,-0.05807834686239144,-11.729160542043328,-0.05540489743863042,0.27777777777777773,6.0,941921.6531376085,-0.0020009667731053504,-0.016131697310999837
z_y_plus_direction,30,3,0.13758727750337774,1.750465147035543,-0.11727199252022558,0.20909090909090908,88.0,1137587.2775033778,-0.05793688695415544,-11.430335040782523,-0.05628472838630716,0.3333333333333333,6.0,942063.1130458446,0.022884099097616017,-0.01599023740276384
z_y_plus_direction,30,5,0.14538961950630513,1.855332441951724,-0.1149941106407254,0.3409090909090909,88.0,1145389.619506305,-0.061325172964821095,-11.558979750652654,-0.06053080957859869,0.4444444444444444,6.0,938674.8270351789,0.030686441100543416,-0.019378523413429494
z_y_plus_direction,30,10,0.09223858362077264,1.2689544797598202,-0.12661881207483305,0.6704545454545455,88.0,1092238.5836207727,-0.06589973204923094,-12.014405053287438,-0.06440227150716604,0.7222222222222222,6.0,934100.267950769,-0.022464594784989078,-0.02395308249783934
z_y_plus_direction,30,30,-0.01571984242459812,-0.0955494252129372,-0.13483105001120643,1.9886363636363635,88.0,984280.1575754018,-0.055878870702869565,-10.272031406994344,-0.05760344967152353,1.8333333333333333,6.0,944121.1292971304,-0.13042302083035984,-0.013932221151477964
z_y_plus_direction,50,0,0.10197165770713279,1.5490262519161904,-0.09665257770659086,0.029999999999999995,88.0,1101971.6577071329,-0.056068132674338855,-11.288449759042447,-0.049744123338942736,0.18333333333333335,6.0,943931.8673256611,-0.012731520698628929,-0.014121483122947254
z_y_plus_direction,50,1,0.10243403857792388,1.4630950469037882,-0.10764980108421329,0.05090909090909091,88.0,1102434.0385779238,-0.057543559389453436,-12.038634511841362,-0.049275574823646084,0.20000000000000004,6.0,942456.4406105466,-0.012269139827837838,-0.015596909838061834
z_y_plus_direction,50,2,0.13917692410761284,1.9155754627508514,-0.10540582310633317,0.09045454545454545,88.0,1139176.9241076128,-0.05624365968191303,-11.266779587062883,-0.05006562477737664,0.2333333333333334,6.0,943756.340318087,0.024473745701851124,-0.014297010130521426
z_y_plus_direction,50,3,0.1286017002595652,1.729424072251941,-0.11225275163241255,0.13000000000000003,88.0,1128601.7002595651,-0.0560917582597793,-10.801239719030264,-0.05142105037908229,0.2666666666666668,6.0,943908.2417402207,0.01389852185380347,-0.0141451087083877
z_y_plus_direction,50,5,0.11867603300298102,1.5846303293438497,-0.11431526309114026,0.20909090909090908,88.0,1118676.033002981,-0.0582483290834338,-11.336903768271997,-0.0530605181721181,0.3333333333333333,6.0,941751.6709165662,0.0039728545972193,-0.0163016795320422
z_y_plus_direction,50,10,0.1130202564866325,1.5006557120581383,-0.12186544867214777,0.4068181818181818,88.0,1113020.2564866324,-0.06731542394939205,-11.657047961432808,-0.06402525254873037,0.49999999999999994,6.0,932684.576050608,-0.001682921919129221,-0.02536877439800045
z_y_plus_direction,50,50,-0.030535490425971035,-0.2953312991254366,-0.13690667560549763,1.9886363636363635,88.0,969464.509574029,-0.05832505934306964,-9.998464395077752,-0.05852534577842117,1.8333333333333333,6.0,941674.9406569303,-0.14523866883173275,-0.01637840979167804
z_all_equal,5,0,0.04567985745627423,0.7164088426700633,-0.10037069423570255,0.19999999999999998,88.0,1045679.8574562742,-0.051257848614500445,-7.443161980057048,-0.06692066181787959,0.3333333333333333,6.0,948742.1513854995,-0.06902332094948749,-0.009311199063108844
z_all_equal,5,1,0.0670176156362845,0.8590107807645817,-0.12694112135530355,0.4068181818181818,88.0,1067017.6156362845,-0.07260734417425663,-14.140018268980075,-0.06877908888777873,0.49999999999999994,6.0,927392.6558257433,-0.04768556276947722,-0.030660694622865026
z_all_equal,5,2,0.08203941844484763,0.9799767813331255,-0.16167299531225776,0.8022727272727272,88.0,1082039.4184448477,-0.0706227217333717,-11.83989450267506,-0.07425100436180276,0.8333333333333334,6.0,929377.2782666283,-0.032663759960914085,-0.028676072181980095
z_all_equal,5,3,0.006030505618577209,0.20420350990402072,-0.1619873251863656,1.1977272727272725,88.0,1006030.5056185772,-0.07250736214508102,-12.407809584227865,-0.07385843568187023,1.1666666666666667,6.0,927492.637854919,-0.10867267278718451,-0.03056071259368942
z_all_equal,5,5,-0.035897082256996504,-0.27733541139670265,-0.19595542218816975,1.9886363636363635,88.0,964102.9177430035,-0.04774978144127051,-6.545471469681689,-0.06950113352616638,1.8333333333333333,6.0,952250.2185587295,-0.15060026066275822,-0.00580313188987891
z_all_equal,10,0,0.08599428904265194,1.2404483931433832,-0.10246225264429631,0.10568181818181817,88.0,1085994.289042652,-0.040335626851982,-7.081227286741768,-0.054925600113888584,0.25000000000000006,6.0,959664.373148018,-0.02870888936310978,0.0016110226994096033
z_all_equal,10,1,0.11939284719094401,1.5155924751499463,-0.13080338498357602,0.20909090909090908,88.0,1119392.847190944,-0.070951882293389,-12.074659110786238,-0.07514173031364457,0.3333333333333333,6.0,929048.117706611,0.004689668785182288,-0.0290052327419974
z_all_equal,10,2,0.18094682884261637,2.1543379745481364,-0.146058464426711,0.4068181818181818,88.0,1180946.8288426164,-0.06032943494572496,-9.792038110686835,-0.07026248071223218,0.49999999999999994,6.0,939670.5650542751,0.06624365043685465,-0.018382785394333356
z_all_equal,10,3,0.02242908354568285,0.3896319271113048,-0.13660769408284024,0.6045454545454544,88.0,1022429.083545683,-0.06358767285973188,-10.631501255694527,-0.07012573346131101,0.6666666666666666,6.0,936412.3271402682,-0.09227409486007887,-0.02164102330834028
z_all_equal,10,5,0.11242051555939825,1.3881058431847477,-0.13838649803097225,1.0,88.0,1112420.5155593983,-0.05381964752856938,-8.628428935746753,-0.06579977335209719,1.0,6.0,946180.3524714307,-0.00228266284636347,-0.01187299797717778
z_all_equal,10,10,0.009057027742100265,0.22823210439553349,-0.16380999982267763,1.9886363636363635,88.0,1009057.0277421003,-0.055991967807729526,-7.833166987586497,-0.0725342191230719,1.8333333333333333,6.0,944008.0321922705,-0.10564615066366145,-0.014045318256337924
z_all_equal,20,0,0.09594286955463938,1.4156042380959466,-0.09659026404251236,0.05852272727272727,88.0,1095942.8695546393,-0.04284486180018088,-8.634042349552727,-0.0479997505217582,0.20833333333333337,6.0,957155.1381998191,-0.018760308851122343,-0.0008982122487892763
z_all_equal,20,1,0.07578176869278574,1.0610323987777888,-0.12066511185099726,0.11022727272727272,88.0,1075781.7686927856,-0.05700882452129752,-11.444102088697477,-0.05716128186882374,0.25000000000000006,6.0,942991.1754787025,-0.038921409712975974,-0.015062174969905917
z_all_equal,20,2,0.06352305599232366,0.912430603687315,-0.1353662388651028,0.20909090909090908,88.0,1063523.0559923237,-0.05999767323932781,-11.007444444795318,-0.062142936837661145,0.3333333333333333,6.0,940002.3267606721,-0.051180122413438056,-0.018051023687936207
z_all_equal,20,3,0.04740937173773396,0.7163688953740163,-0.13602427617671908,0.30795454545454537,88.0,1047409.3717377341,-0.05487375526521043,-9.344421527764029,-0.061738475827036066,0.4166666666666667,6.0,945126.2447347896,-0.06729380666802776,-0.012927105713818832
z_all_equal,20,5,0.11639620836433284,1.5430219087703883,-0.13327015816901866,0.5056818181818182,88.0,1116396.2083643328,-0.05472020411518719,-9.135072478478373,-0.06227347536278627,0.5833333333333334,6.0,945279.7958848128,0.001693029958571124,-0.012773554563795586
z_all_equal,20,10,0.07144070257977675,0.9971977915620315,-0.13720659979032723,1.0,88.0,1071440.7025797768,-0.06159802173766027,-10.98665785239407,-0.0642825913208015,1.0,6.0,938401.9782623397,-0.04326247582598497,-0.019651372186268667
z_all_equal,20,20,0.03879817535456298,0.593760344852618,-0.13975540530002817,1.9886363636363635,88.0,1038798.1753545629,-0.06198755226319608,-10.744407622711678,-0.06383948920722449,1.8333333333333333,6.0,938012.4477368039,-0.07590500305119874,-0.020040902711804476
z_all_equal,30,0,0.1034112970164065,1.4911121276217674,-0.10061790723005948,0.042803030303030315,88.0,1103411.2970164064,-0.0507039177600459,-10.538371404152565,-0.04861018415231744,0.19444444444444453,6.0,949296.0822399542,-0.011291881389355218,-0.0087572682086543
z_all_equal,30,1,0.08408045843777723,1.281806005238942,-0.11249306797058112,0.07727272727272726,88.0,1084080.4584377771,-0.05331826341331525,-10.263815498161799,-0.05285711439046481,0.2222222222222222,6.0,946681.7365866847,-0.03062271996798449,-0.011371613861923646
z_all_equal,30,2,0.07156319827755198,1.0475165169064131,-0.12229727701702764,0.14318181818181816,88.0,1071563.198277552,-0.052670301352533255,-9.61172272026861,-0.05431614312325583,0.27777777777777773,6.0,947329.6986474667,-0.04313998012820974,-0.010723651801141654
z_all_equal,30,3,0.06422881612666687,0.9221494841050685,-0.125620177810852,0.20909090909090908,88.0,1064228.816126667,-0.05793362603122454,-10.716776358219075,-0.057376888883812094,0.3333333333333333,6.0,942066.3739687755,-0.05047436227909485,-0.015986976479832937
z_all_equal,30,5,0.1000143623235692,1.3375229879401593,-0.12940624353905306,0.3409090909090909,88.0,1100014.3623235691,-0.059825017723523666,-10.40496301584196,-0.0608465858064311,0.4444444444444444,6.0,940174.9822764763,-0.014688816082192524,-0.017878368172132064
z_all_equal,30,10,0.11046113981798866,1.489445957190001,-0.12682384182867135,0.6704545454545455,88.0,1110461.1398179887,-0.06156724369350253,-10.974388337545413,-0.06120739983933465,0.7222222222222222,6.0,938432.7563064975,-0.004242038587773056,-0.019620594142110925
z_all_equal,30,30,-0.013442803228103983,-0.05626713636975718,-0.15315961287175217,1.9886363636363635,88.0,986557.196771896,-0.055523904189328066,-9.676283428434948,-0.0567812877441245,1.8333333333333333,6.0,944476.0958106719,-0.1281459816338657,-0.013577254637936464
z_all_equal,50,0,0.11931014674610685,1.7162708606570012,-0.0990991342184444,0.029999999999999995,88.0,1119310.146746107,-0.06311904408561453,-11.654293778292937,-0.05829669606125254,0.18000000000000002,6.0,936880.9559143855,0.00460696834034513,-0.021172394534222927
z_all_equal,50,1,0.08694338786898004,1.3373929847992112,-0.103457336990053,0.05090909090909091,88.0,1086943.38786898,-0.06796920174580079,-12.37471262034034,-0.06224961475181501,0.20000000000000004,6.0,932030.7982541992,-0.02775979053678168,-0.026022552194409188
z_all_equal,50,2,0.09791103384861866,1.396862999073307,-0.11758980442333367,0.09045454545454545,88.0,1097911.0338486186,-0.06958945666942284,-12.474982966043768,-0.06387170082643878,0.2333333333333334,6.0,930410.5433305772,-0.016792144557143063,-0.027642807118031243
z_all_equal,50,3,0.07124805553563474,1.049366274756469,-0.12102046085127582,0.13000000000000003,88.0,1071248.0555356347,-0.06519976613088774,-11.286280905905066,-0.06220529891695947,0.2666666666666668,6.0,934800.2338691122,-0.04345512287012698,-0.023253116579496136
z_all_equal,50,5,0.08915534453490448,1.2163173859469136,-0.13008571485979648,0.20909090909090908,88.0,1089155.3445349045,-0.06350268799558745,-10.695656635475153,-0.06210192036158291,0.3333333333333333,6.0,936497.3120044125,-0.02554783387085724,-0.021556038444195846
z_all_equal,50,10,0.1159924377189856,1.5614412447836636,-0.1204975149808345,0.4068181818181818,88.0,1115992.4377189856,-0.0720881077671488,-12.3489330752684,-0.06733506375304354,0.49999999999999994,6.0,927911.8922328512,0.0012892593132238783,-0.0301414582157572
z_all_equal,50,50,-0.033122184048805514,-0.33520718946061406,-0.14722446168095105,1.9886363636363635,88.0,966877.8159511945,-0.056742978322073756,-10.670410347984907,-0.05085662762858534,1.8333333333333333,6.0,943257.0216779263,-0.14782536245456723,-0.014796328770682154
z_y_0p5_return,5,0,0.02933362267693429,0.5167725598646391,-0.1068727947075313,0.2045454545454545,88.0,1029333.6226769343,-0.04066381234209493,-4.983627785698769,-0.0674549740129563,0.3333333333333333,6.0,959336.187657905,-0.08536955572882743,0.0012828372092966722
z_y_0p5_return,5,1,0.004638985293297315,0.18305714350540364,-0.17314152929841287,0.4068181818181818,88.0,1004638.9852932973,-0.07824068409940488,-10.13159440918931,-0.08506780231851996,0.49999999999999994,6.0,921759.3159005952,-0.1100641931124644,-0.036294034548013276
z_y_0p5_return,5,2,0.12413780287091747,1.3647619807765248,-0.15507177366596658,0.8022727272727272,88.0,1124137.8028709174,-0.08069324969985292,-11.505537977558005,-0.08287867785293701,0.8333333333333334,6.0,919306.7503001471,0.00943462446515575,-0.03874660014846132
z_y_0p5_return,5,3,-0.0290286889476431,-0.1955884599350549,-0.1598977877979627,1.1977272727272725,88.0,970971.3110523568,-0.0634602727838961,-9.961884657094851,-0.06949268016548293,1.1666666666666667,6.0,936539.7272161039,-0.14373186735340482,-0.021513623232504497
z_y_0p5_return,5,5,-0.1336582283187504,-1.5807857796768747,-0.18069550691655412,1.9886363636363635,88.0,866341.7716812496,-0.06340698173214976,-8.924790645043986,-0.07419467725305018,1.8333333333333333,6.0,936593.0182678503,-0.24836140672451212,-0.021460332180758157
z_y_0p5_return,10,0,0.05164464405067082,0.8215465226130226,-0.10564507287289304,0.10795454545454546,88.0,1051644.6440506708,-0.03712071582858345,-6.024202686230595,-0.054569121314155256,0.25000000000000006,6.0,962879.2841714165,-0.0630585343550909,0.004825933722808151
z_y_0p5_return,10,1,0.014697678132183478,0.29160995945299906,-0.15246762627185928,0.20909090909090908,88.0,1014697.6781321834,-0.04537577031243012,-5.971022860328865,-0.06915147283146383,0.3333333333333333,6.0,954624.2296875699,-0.10000550027357824,-0.0034291207610385177
z_y_0p5_return,10,2,0.12610134957942476,1.5198470245600602,-0.14389989242796297,0.4068181818181818,88.0,1126101.3495794248,-0.07160922570633932,-10.594718648210026,-0.07751780570258826,0.49999999999999994,6.0,928390.7742936607,0.011398171173663041,-0.029662576154947717
z_y_0p5_return,10,3,0.07736088214515657,1.0573867336594907,-0.13922101940131792,0.6045454545454544,88.0,1077360.8821451566,-0.07028565729679603,-10.769011056676115,-0.0767919162079661,0.6666666666666666,6.0,929714.342703204,-0.037342296260605146,-0.028339007745404432
z_y_0p5_return,10,5,0.03706397492089364,0.6060170282093709,-0.11913549598092033,1.0,88.0,1037063.9749208937,-0.054888059281321455,-8.073935253474177,-0.07046915302930079,1.0,6.0,945111.9407186785,-0.07763920348486808,-0.012941409729929854
z_y_0p5_return,10,10,-0.09187636411727973,-1.126780801472931,-0.19778545543254333,1.9886363636363635,88.0,908123.6358827202,-0.03176760729462558,-3.2987015769365233,-0.06971301276682462,1.8333333333333333,6.0,968232.3927053744,-0.20657954252304145,0.010179042256766024
z_y_0p5_return,20,0,0.08540843719785984,1.2806712824120179,-0.10287786424291889,0.05909090909090909,88.0,1085408.4371978599,-0.04366848357715891,-7.73453253516473,-0.05239536423066815,0.20833333333333337,6.0,956331.5164228411,-0.029294741207901875,-0.0017218340257673104
z_y_0p5_return,20,1,0.017893235789630424,0.33650051918376106,-0.13715043683514916,0.11022727272727272,88.0,1017893.2357896303,-0.046531213456281084,-7.164929140100282,-0.059716347249252566,0.25000000000000006,6.0,953468.7865437189,-0.0968099426161313,-0.004584563904889483
z_y_0p5_return,20,2,0.07294491822364413,0.9794734283478826,-0.1444205127483984,0.20909090909090908,88.0,1072944.9182236441,-0.04957810397152862,-7.568888023516997,-0.06209443336574205,0.3333333333333333,6.0,950421.8960284714,-0.04175826018211759,-0.007631454420137018
z_y_0p5_return,20,3,0.09067026006668066,1.1841904225202051,-0.13980996336228257,0.30795454545454537,88.0,1090670.2600666806,-0.06592607700093034,-10.432883540262047,-0.07081457187863793,0.4166666666666667,6.0,934073.9229990697,-0.024032918339081055,-0.023979427449538737
z_y_0p5_return,20,5,0.11439517187484749,1.5781948093468254,-0.1323247817529155,0.5056818181818182,88.0,1114395.1718748475,-0.0641412023758896,-10.028616508033284,-0.07070992452877056,0.5833333333333334,6.0,935858.7976241104,-0.0003080065309142288,-0.022194552824498004
z_y_0p5_return,20,10,0.04816840082553209,0.7378225981558715,-0.11620547816942672,1.0,88.0,1048168.400825532,-0.049173418002560476,-6.557021091074626,-0.06717757476457498,1.0,6.0,950826.5819974395,-0.06653477758022963,-0.0072267684511688746
z_y_0p5_return,20,20,-0.004072639607344608,0.05844462677740885,-0.13903700193428703,1.9886363636363635,88.0,995927.3603926554,-0.04611350577614415,-6.70574626862461,-0.05935853874343788,1.8333333333333333,6.0,953886.4942238559,-0.11877581801310633,-0.0041668562247525465
z_y_0p5_return,30,0,0.0965349643226121,1.390882057417109,-0.10590908786138331,0.042803030303030315,88.0,1096534.9643226122,-0.056454512766575204,-10.79548464859648,-0.05388507360783967,0.19444444444444453,6.0,943545.4872334248,-0.018168214083149614,-0.014507863215183603
z_y_0p5_return,30,1,0.06686225422379088,0.9362111709289926,-0.12808328632476307,0.07727272727272726,88.0,1066862.254223791,-0.050609420726276166,-7.811449235653542,-0.0586329702040419,0.2222222222222222,6.0,949390.5792737239,-0.047840924181970834,-0.008662771174884565
z_y_0p5_return,30,2,0.0903772076443703,1.217746142640659,-0.1348168674788841,0.14318181818181816,88.0,1090377.2076443704,-0.057565669058920244,-9.273213672860035,-0.06161293168470139,0.27777777777777773,6.0,942434.3309410798,-0.024325970761391424,-0.015619019507528642
z_y_0p5_return,30,3,0.09294717820661802,1.2376559587346607,-0.13631325038309683,0.20909090909090908,88.0,1092947.178206618,-0.05812776991017521,-9.480577633471087,-0.061715285703694,0.3333333333333333,6.0,941872.2300898248,-0.0217560001991437,-0.016181120358783607
z_y_0p5_return,30,5,0.08227894223522347,1.1669267423681833,-0.1332213905373838,0.3409090909090909,88.0,1082278.9422352235,-0.06203344239065467,-9.535555578899876,-0.0668811101616974,0.4444444444444444,6.0,937966.5576093453,-0.032424236170538245,-0.020086792839263068
z_y_0p5_return,30,10,0.045641210143875455,0.6894314641279827,-0.12556434215185874,0.6704545454545455,88.0,1045641.2101438754,-0.05440708267284822,-7.15302915652122,-0.0691813116240706,0.7222222222222222,6.0,945592.9173271518,-0.06906196826188626,-0.012460433121456616
z_y_0p5_return,30,30,0.0015571722604863503,0.130761228719085,-0.12893342951759357,1.9886363636363635,88.0,1001557.1722604863,-0.05399505718119846,-8.841224598192465,-0.055601450415509235,1.8333333333333333,6.0,946004.9428188015,-0.11314600614527537,-0.012048407629806857
z_y_0p5_return,50,0,0.11696713830291716,1.639009291549412,-0.10627750796192803,0.030000000000000002,88.0,1116967.1383029171,-0.053003079819555876,-8.496546977433713,-0.05499474793836323,0.18333333333333335,6.0,946996.9201804441,0.002263959897155443,-0.011056430268164275
z_y_0p5_return,50,1,0.08684586278501971,1.262014722634583,-0.10758684285462872,0.05090909090909091,88.0,1086845.8627850197,-0.044189225150558564,-6.498432472259009,-0.05335021775655002,0.20000000000000004,6.0,955810.7748494415,-0.027857315620742007,-0.0022425755991669627
z_y_0p5_return,50,2,0.07407988041357028,1.0536607101788429,-0.12675216245880905,0.09045454545454545,88.0,1074079.8804135702,-0.05069019317638701,-7.671791297564933,-0.056514718858195034,0.2333333333333334,6.0,949309.806823613,-0.04062329799219144,-0.008743543624995409
z_y_0p5_return,50,3,0.0794038224638196,1.1191348284832945,-0.12892566056613375,0.13000000000000003,88.0,1079403.8224638195,-0.0508608485572295,-7.608015474409678,-0.057342557417455975,0.2666666666666668,6.0,949139.1514427705,-0.03529935594194211,-0.008914199005837897
z_y_0p5_return,50,5,0.06591196192796667,0.9649317881710838,-0.13092897027288264,0.20909090909090908,88.0,1065911.9619279667,-0.056998523141412516,-8.157276071229141,-0.06370108924729834,0.3333333333333333,6.0,943001.4768585875,-0.04879121647779505,-0.015051873590020914
z_y_0p5_return,50,10,0.09017560194743313,1.2351107414443858,-0.12434744085381477,0.4068181818181818,88.0,1090175.601947433,-0.04879013373153129,-6.5139883359453,-0.0612674075251749,0.49999999999999994,6.0,951209.8662684687,-0.024527576458328593,-0.006843484180139692
z_y_0p5_return,50,50,-0.020107199540710163,-0.15199852775492123,-0.1350045155017996,1.9886363636363635,88.0,979892.8004592898,-0.06123229111195694,-11.151851730000725,-0.055648840193584626,1.8333333333333333,6.0,938767.7088880431,-0.13481037794647188,-0.019285641560565336
