score_family,score_variant,score_weight_y,score_weight_return,top_n,daily_replace_k,cap_min_pct,cap_bonus,combined_competition_score,validation_competition_score,combined_latest_window_return,validation_latest_window_return,combined_market_equal_period_return,holdout_market_equal_period_return,validation_market_equal_period_return,combined_max_drawdown,holdout_max_drawdown,validation_max_drawdown,combined_period_excess_equal,holdout_period_excess_equal,validation_period_excess_equal,combined_period_return,holdout_period_return,validation_period_return,combined_recent_return_mean,validation_recent_return_mean,combined_rolling_excess_equal_mean,validation_rolling_excess_equal_mean,combined_rolling_return_mean,validation_rolling_return_mean,combined_rolling_win_rate,validation_rolling_win_rate,combined_turnover_mean,holdout_turnover_mean,validation_turnover_mean,selection_score,selection_weight_sum
return_pred,return_pred,0.0,1.0,5,1,0.0,0.0,0.03265390935517816,0.10980118171759139,-0.04657487433587948,0.1500837957490433,0.041468991295700475,-0.06909196664865214,0.11876678896660042,-0.2003151332993124,-0.12053701016980234,-0.2003151332993124,0.4614911478594803,-0.05943620708131481,0.6704014687219624,0.5029601391551808,-0.12852817372996694,0.7891682576885628,-0.041063025220460105,0.18008483479999327,0.02565664746221145,0.025335611352781402,0.03135160083779844,0.035212772483796416,0.6744186046511628,0.6962025316455697,0.4063157894736841,0.48571428571428565,0.4068181818181818,0.03513864116549158,1.0
blend_y25_ret75,blend,0.25,0.75,5,1,0.0,0.0,0.04885694043853327,0.0973166378668839,-0.020334093492035188,0.10246531159709904,0.041468991295700475,-0.06909196664865214,0.11876678896660042,-0.18170307412949005,-0.1407645144784585,-0.18170307412949005,0.42525383856255905,-0.070662113116433,0.5127828236641014,0.4667228298582595,-0.13975407976508514,0.6315496126307019,0.0035639874958676597,0.16427816186564023,0.037613456148480856,0.03509521675584437,0.043308409524067844,0.044972377886859385,0.6976744186046512,0.6962025316455697,0.4063157894736841,0.48571428571428565,0.4068181818181818,0.028832135537052862,1.0
return_pred,return_pred,0.0,1.0,40,10,0.5,1.0,0.012466695137255185,0.014291709917478532,0.0007633578873895708,0.027232404107928154,0.041468991295700475,-0.06909196664865214,0.11876678896660042,-0.09210491993955094,-0.04553491504943441,-0.09210491993955094,0.10584717118726505,0.0556573181750285,0.054713156867489454,0.14731616248296553,-0.013434648473623634,0.17347994583408988,0.013975287890612819,0.04667845573225589,0.008923163526855401,0.0050503338496080755,0.014618116902442392,0.014927494980623087,0.6744186046511628,0.6708860759493671,0.5052631578947369,0.5714285714285714,0.5056818181818182,0.02840466985157635,1.0
return_pred,return_pred,0.0,1.0,40,10,0.3,1.0,0.013372678652714187,0.014745503169928845,-0.00433840012334108,0.02545915124086573,0.041468991295700475,-0.06909196664865214,0.11876678896660042,-0.09045772184872336,-0.04553491504943463,-0.09045772184872336,0.1178411714818115,0.05300577540382134,0.06791628441670317,0.15931016277751198,-0.016086191244830794,0.1866830733833036,0.011881160955147352,0.04158393976652741,0.009042064273742611,0.005260892761239517,0.0147370176493296,0.01513805389225453,0.6744186046511628,0.6835443037974683,0.5052631578947369,0.5714285714285714,0.5056818181818182,0.027862033548348285,1.0
return_pred,return_pred,0.0,1.0,30,5,0.5,1.0,0.00602262995569201,0.014083974417763202,-0.008399386893186755,0.008289902836403407,0.041468991295700475,-0.06909196664865214,0.11876678896660042,-0.0985568540481262,-0.0537093544282663,-0.0985568540481262,0.11421548890622168,0.05536371019317066,0.06102873988548363,0.15568448020192216,-0.01372825645548148,0.17979552885208405,-0.00853956630442576,0.046109631447712386,0.00814935508139275,0.0056464293331020664,0.01384430845697974,0.015523590464117078,0.6162790697674418,0.6329113924050633,0.3403508771929824,0.42857142857142855,0.3409090909090909,0.02691961304674157,1.0
return_pred,return_pred,0.0,1.0,40,10,0.0,1.0,0.009584450398944944,0.010966204235611642,-0.003983677312358602,0.02545915124086573,0.041468991295700475,-0.06909196664865214,0.11876678896660042,-0.0938650541400804,-0.04129525361803599,-0.0938650541400804,0.08954718352202984,0.057099068004922926,0.042106383042952444,0.1310161748177303,-0.01199289864372921,0.16087317200955287,0.01240863636712597,0.04151387955498209,0.007889907888501552,0.003963659604077539,0.013584861264088543,0.013840820735092551,0.6627906976744186,0.6708860759493671,0.5052631578947369,0.5714285714285714,0.5056818181818182,0.02683635578753725,1.0
blend_y25_ret75,blend,0.25,0.75,40,10,0.0,0.75,0.001897086192111399,0.006240743520745181,-0.006134209249030853,0.01581333411177721,0.041468991295700475,-0.06909196664865214,0.11876678896660042,-0.07650636542222977,-0.040789566649374054,-0.07650636542222977,0.04935890276860677,0.058703296536956606,0.01121557900672987,0.09082789406430725,-0.01038867011169553,0.1299823679733303,-0.002077365393139985,0.033215939924466295,0.005071096209092583,0.0018342377914969902,0.010766049584679574,0.011711398922512002,0.6395348837209303,0.6582278481012658,0.5052631578947369,0.5714285714285714,0.5056818181818182,0.023733905610692423,1.0
return_pred,return_pred,0.0,1.0,30,10,0.5,1.0,0.006952981796019797,0.014505607761080968,-0.011816176395644695,0.0212233936357491,0.041468991295700475,-0.06909196664865214,0.11876678896660042,-0.09439829260995802,-0.0468437802660967,-0.09439829260995802,0.08063865066349774,0.043001281724168394,0.042936783369938336,0.12210764195919821,-0.026090684924483742,0.16170357233653876,0.006139064555274199,0.05606204780966277,0.007883327075131018,0.004192404755078193,0.01357828045071801,0.014069565886093205,0.6511627906976745,0.6455696202531646,0.6701754385964911,0.7142857142857143,0.6704545454545455,0.02296856845514933,1.0
blend_y25_ret75,blend,0.25,0.75,30,5,0.5,0.75,0.00356036646285981,0.010674884368922683,-0.028760420926416286,0.01459010315117748,0.041468991295700475,-0.06909196664865214,0.11876678896660042,-0.06204912635878912,-0.05444459671656998,-0.06204912635878912,0.06938605232720008,0.04936849540381427,0.026663313343551875,0.11085504362290055,-0.019723471244837865,0.1454301023101523,-0.011772796954795228,0.03332639654943488,0.006866617133203772,0.004869135807626289,0.012561570508790762,0.0147462969386413,0.6046511627906976,0.6329113924050633,0.3403508771929824,0.42857142857142855,0.3409090909090909,0.022794744649922163,1.0
blend_y25_ret75,blend,0.25,0.75,40,10,0.3,0.75,0.00026272742397015925,0.004534165892149431,-0.006134209249030853,0.01581333411177721,0.041468991295700475,-0.06909196664865214,0.11876678896660042,-0.07652538243473073,-0.040789566649374054,-0.07652538243473073,0.03951852251270149,0.058703296536956606,0.0010219854583508603,0.08098751380840197,-0.01038867011169553,0.11978877442495128,-0.002077365393139985,0.03325056793202998,0.004103568988123178,0.0008026172534648726,0.009798522363710168,0.010679778384479885,0.627906976744186,0.6455696202531646,0.5052631578947369,0.5714285714285714,0.5056818181818182,0.02263907392419609,1.0
blend_y25_ret75,blend,0.25,0.75,30,10,0.5,0.75,0.008527741574914987,0.014904878139499549,-0.010338260490658224,0.006921160140591409,0.041468991295700475,-0.06909196664865214,0.11876678896660042,-0.0743494010084802,-0.0446688425012024,-0.0743494010084802,0.08811784237804576,0.04046296536929517,0.04825215276131822,0.12958683367374624,-0.02862900127935697,0.16701894172791865,-0.0016941095572718056,0.04094383630984599,0.009301954303183941,0.006718282204396334,0.01499690767877093,0.016595443335411346,0.6511627906976745,0.6708860759493671,0.6701754385964911,0.7142857142857143,0.6704545454545455,0.022574781357011103,1.0
blend_y25_ret75,blend,0.25,0.75,10,1,0.0,0.0,0.020261041059995002,0.06726368550447501,-0.07655060647576228,0.0713181309605595,0.041468991295700475,-0.06909196664865214,0.11876678896660042,-0.15449521967358182,-0.08830556623005859,-0.15449521967358182,0.38672276691270313,-0.036211742220716325,0.410614524864501,0.4281917582084036,-0.10530370886936846,0.5293813138311014,-0.046050661093272896,0.1292270785583522,0.012134539995841971,0.01162601466157062,0.017829493371428962,0.021503175792585632,0.5930232558139535,0.6075949367088608,0.20842105263157887,0.3142857142857142,0.20909090909090908,0.02164675691176204,1.0
blend_y25_ret75,blend,0.25,0.75,30,5,0.5,1.0,0.0023113253420968304,-0.0038255707507510034,0.007023216668977872,-0.010210450485686806,0.041468991295700475,-0.06909196664865214,0.11876678896660042,-0.05016218711340237,-0.026984375143671357,-0.05016218711340237,0.03694347291432476,0.06378545607218744,-0.0414587917355167,0.07841246421002523,-0.005306510576464696,0.07730799723108372,0.003995754615880887,0.01621026357505908,0.0017997484288749966,-0.0021097944138745803,0.007494701804461987,0.007767366717140432,0.5697674418604651,0.5569620253164557,0.3403508771929824,0.42857142857142855,0.3409090909090909,0.021065667855847018,1.0
return_pred,return_pred,0.0,1.0,30,10,0.0,1.0,0.008309091133453848,0.014518510317939751,-0.011112282395645545,0.023860361675434927,0.041468991295700475,-0.06909196664865214,0.11876678896660042,-0.09310958545471937,-0.048665321499143155,-0.09310958545471937,0.08635382979330819,0.036277945816390766,0.04846788641078237,0.12782282108900866,-0.03281402083226137,0.1672346753773828,0.010539092830570262,0.056097311623509505,0.007286950183990236,0.003190019050114269,0.012981903559577226,0.013067180181129281,0.6395348837209303,0.6329113924050633,0.6701754385964911,0.7142857142857143,0.6704545454545455,0.020892428905500426,1.0
return_pred,return_pred,0.0,1.0,30,10,0.3,1.0,0.008196501990332929,0.014184619358662463,-0.010971919873995928,0.023860361675434927,0.041468991295700475,-0.06909196664865214,0.11876678896660042,-0.09228979863687803,-0.048665321499143155,-0.09228979863687803,0.08650018014428906,0.036277945816390766,0.048453675950355324,0.12796917143998954,-0.03281402083226137,0.16722046491695575,0.010682528544018743,0.05552659380097365,0.007052799786539654,0.0029260429393801936,0.012747753162126644,0.012803204070395206,0.627906976744186,0.620253164556962,0.6701754385964911,0.7142857142857143,0.6704545454545455,0.020719660145201463,1.0
blend_y25_ret75,blend,0.25,0.75,30,5,0.0,0.75,0.002227838366140206,0.0086935431672782,-0.02981371528178478,0.006723212388222155,0.041468991295700475,-0.06909196664865214,0.11876678896660042,-0.06026159408457654,-0.05444459671656998,-0.06026159408457654,0.06686492587086001,0.046112558561311134,0.022718540447207447,0.10833391716656049,-0.022979408087341002,0.14148532941380787,-0.015077705783066197,0.027636135066947308,0.00629086731198255,0.00447555491612012,0.01198582068756954,0.014352716047135132,0.5930232558139535,0.620253164556962,0.3403508771929824,0.42857142857142855,0.3409090909090909,0.020497057594962124,1.0
blend_y25_ret75,blend,0.25,0.75,40,10,0.5,0.75,0.0018833055657797746,0.006662111302493165,-0.021725262071295548,0.01603399309639819,0.041468991295700475,-0.06909196664865214,0.11876678896660042,-0.07074555329719634,-0.04812171308907265,-0.07074555329719634,0.057448886360249585,0.048503247507058256,0.010424089876087894,0.09891787765595006,-0.02058871914159388,0.12919087884268832,-0.004991607792815178,0.035346592170119616,0.004275202648100649,0.0011886686603288683,0.00997015602368764,0.01106582979134388,0.6162790697674418,0.6329113924050633,0.5052631578947369,0.5714285714285714,0.5056818181818182,0.020350747826748266,1.0
return_pred,return_pred,0.0,1.0,30,5,0.0,1.0,0.0021452435718568707,0.008902082594708786,-0.014823713695270913,0.008662332577012766,0.041468991295700475,-0.06909196664865214,0.11876678896660042,-0.1011493980310193,-0.05370935442826619,-0.1011493980310193,0.08411943922969356,0.04455508965947452,0.03702075459546483,0.12558843052539403,-0.024536876989177614,0.15578754356206526,-0.0060941755835045575,0.041934376231375484,0.005931401084804899,0.003189260581832991,0.01162635446039189,0.013066421712848003,0.6162790697674418,0.620253164556962,0.3403508771929824,0.42857142857142855,0.3409090909090909,0.020029267262806412,1.0
blend_y25_ret75,blend,0.25,0.75,30,5,0.0,1.0,0.0005544457695573048,-0.005621411689153141,0.007023216668977872,-0.010210450485686806,0.041468991295700475,-0.06909196664865214,0.11876678896660042,-0.053988488927684486,-0.026984375143671357,-0.053988488927684486,0.027704831148821718,0.06378545607218744,-0.050687971653072816,0.06917382244452219,-0.005306510576464696,0.0680788173135276,0.003995754615880887,0.01621026357505908,0.0011922827110685099,-0.002771086207942402,0.0068872360866555,0.00710607492307261,0.5581395348837209,0.5443037974683544,0.3403508771929824,0.42857142857142855,0.3409090909090909,0.019906163519058148,1.0
blend_y25_ret75,blend,0.25,0.75,30,5,0.3,1.0,0.0005511962973869175,-0.0056249490892373594,0.007023216668977872,-0.010210450485686806,0.041468991295700475,-0.06909196664865214,0.11876678896660042,-0.053988488927684486,-0.026984375143671357,-0.053988488927684486,0.027704831148821718,0.06378545607218744,-0.050687971653072816,0.06917382244452219,-0.005306510576464696,0.0680788173135276,0.003995754615880887,0.01621026357505908,0.0011863745798496245,-0.0027775178444591625,0.006881327955436615,0.0070996432865558495,0.5581395348837209,0.5443037974683544,0.3403508771929824,0.42857142857142855,0.3409090909090909,0.019903921794586173,1.0
blend_y25_ret75,blend,0.25,0.75,30,5,0.3,0.75,0.0010431747136731553,0.007381397060277253,-0.02981371528178478,0.006723212388222155,0.041468991295700475,-0.06909196664865214,0.11876678896660042,-0.06026159408457654,-0.05444459671656998,-0.06026159408457654,0.05818855706799342,0.046112558561311134,0.013782652491729941,0.09965754836369389,-0.022979408087341002,0.13254944145833036,-0.015077705783066197,0.027342376829109893,0.005714454998927295,0.003848068094313135,0.011409408374514285,0.013725229225328147,0.5930232558139535,0.620253164556962,0.3403508771929824,0.42857142857142855,0.3409090909090909,0.01966965911631829,1.0
blend_y25_ret75,blend,0.25,0.75,40,3,0.0,1.0,-0.0025974361946817506,-0.0013029955502733863,-0.013634981308529137,0.00043499777947086926,0.041468991295700475,-0.06909196664865214,0.11876678896660042,-0.04557506512134735,-0.03251146207865485,-0.0445207352051773,0.029013603918325304,0.05874312956491101,-0.03082775371495683,0.07048259521402578,-0.010348837083741125,0.0879390352516436,-0.008698039157047855,0.022650297475455217,9.807185781647923e-05,-0.0029489175239434656,0.0057930252334034696,0.006928243607071546,0.5232558139534884,0.5316455696202531,0.15894736842105261,0.27142857142857135,0.1596590909090909,0.019454260111159482,1.0
blend_y25_ret75,blend,0.25,0.75,40,3,0.3,1.0,-0.0026204984517856755,-0.0013281012985131022,-0.013634981308529137,0.00043499777947086926,0.041468991295700475,-0.06909196664865214,0.11876678896660042,-0.04557506512134735,-0.03251146207865485,-0.0445207352051773,0.029013603918325304,0.05874312956491101,-0.03082775371495683,0.07048259521402578,-0.010348837083741125,0.0879390352516436,-0.008698039157047855,0.022650297475455217,5.6140481263888646e-05,-0.0029945643389247666,0.005751093856850879,0.006882596792090245,0.5232558139534884,0.5316455696202531,0.15894736842105261,0.27142857142857135,0.1596590909090909,0.01943835007303082,1.0
return_pred,return_pred,0.0,1.0,30,5,0.3,1.0,0.001029132528912154,0.007807221866384549,-0.014823713695270913,0.008662332577012766,0.041468991295700475,-0.06909196664865214,0.11876678896660042,-0.1011493980310193,-0.05370935442826619,-0.1011493980310193,0.07332198370650844,0.04455508965947452,0.02593360741322348,0.11479097500220892,-0.024536876989177614,0.1447003963798239,-0.0060941755835045575,0.042148143188132224,0.005653865520452813,0.0028871332586142707,0.011348818896039803,0.012764294389629283,0.627906976744186,0.6329113924050633,0.3403508771929824,0.42857142857142855,0.3409090909090909,0.01931335772647156,1.0
return_pred,return_pred,0.0,1.0,20,5,0.5,0.75,-0.007624308309578797,0.01252029314280791,-0.04910074582188484,0.03226824279535134,0.041468991295700475,-0.06909196664865214,0.11876678896660042,-0.13414110689548564,-0.05442136474283332,-0.13414110689548564,0.046088492557751826,0.043107637699646095,0.034411053403679226,0.0875574838534523,-0.02598432894900604,0.15317784237027965,-0.012211903192319972,0.07419485224565711,0.005131073799375162,0.002497554516520199,0.010826027174962153,0.012374715647535211,0.5465116279069767,0.569620253164557,0.5052631578947369,0.5714285714285714,0.5056818181818182,0.019196943447223933,1.0
blend_y25_ret75,blend,0.25,0.75,30,10,0.0,0.75,0.005366144633046135,0.008358822369827892,-0.013133516831617453,0.003232759880358982,0.041468991295700475,-0.06909196664865214,0.11876678896660042,-0.0735166082696912,-0.0446688425012024,-0.0735166082696912,0.06255143858129752,0.0405233388644638,0.016101616800651808,0.104020429876998,-0.02856862778418834,0.13486840576725223,0.0027646468137553005,0.036580105010723375,0.0068695749399840566,0.003644759967490514,0.012564528315571047,0.013521921098505526,0.6046511627906976,0.6075949367088608,0.6701754385964911,0.7142857142857143,0.6704545454545455,0.019017867595594106,1.0
return_pred,return_pred,0.0,1.0,30,10,0.5,0.75,-0.007974110429429564,0.002800448993772797,-0.033649011957452735,0.007855899937019961,0.041468991295700475,-0.06909196664865214,0.11876678896660042,-0.11906353364469158,-0.045943458390633074,-0.11906353364469158,0.03474610314596904,0.054398000749359854,0.0033156800703564304,0.07621509444166952,-0.014693965899292283,0.12208246903695685,-0.008327614854467712,0.049590906415822866,0.0016275270216481738,-0.0013090999594883336,0.007322480397235164,0.008568061171526678,0.5697674418604651,0.5822784810126582,0.6701754385964911,0.7142857142857143,0.6704545454545455,0.018704680223587792,1.0
blend_y25_ret75,blend,0.25,0.75,40,5,0.5,1.0,0.0016872888606693217,-0.002045098629584105,-0.004168850331498386,0.00183537340738682,0.041468991295700475,-0.06909196664865214,0.11876678896660042,-0.06470009165195312,-0.03485673113594745,-0.06470009165195312,0.03853767145531162,0.05344339789596031,-0.035564052215226516,0.08000666275101209,-0.015648568752691827,0.0832027367513739,0.006193301827291098,0.025632105786537008,0.0022310691293182137,-0.0015837433772864506,0.007926022504905204,0.008293417753728561,0.5581395348837209,0.5569620253164557,0.2578947368421053,0.35714285714285715,0.2585227272727273,0.018122352652407123,1.0
blend_y25_ret75,blend,0.25,0.75,40,3,0.5,1.0,-0.0046010224815303796,-0.0035541281518149718,-0.013634981308529137,0.00043499777947086926,0.041468991295700475,-0.06909196664865214,0.11876678896660042,-0.04913907684270957,-0.03251146207865485,-0.04913907684270957,0.012267087526044662,0.05874312956491101,-0.049022174764634,0.05373607882174514,-0.010348837083741125,0.06974461420196643,-0.008698039157047855,0.022650297475455217,-6.3405497186763e-05,-0.0031242604535828347,0.005631547878400227,0.006752900677432177,0.5348837209302325,0.5443037974683544,0.15894736842105261,0.27142857142857135,0.1596590909090909,0.01804053318309604,1.0
return_pred,return_pred,0.0,1.0,10,1,0.0,0.0,0.015163413483569484,0.06491495682868728,-0.06279598512905926,0.120506438648732,0.041468991295700475,-0.06909196664865214,0.11876678896660042,-0.13951109282566987,-0.0858995803192042,-0.13951109282566987,0.27941390900391205,-0.04093447498704228,0.33377245275417766,0.32088290029961253,-0.11002644163569442,0.4525392417207781,-0.030940124180160344,0.14546060229388078,0.012572598598781643,0.010993474003552875,0.018267551974368634,0.020870635134567887,0.6046511627906976,0.620253164556962,0.20842105263157887,0.3142857142857142,0.20909090909090908,0.017917347024158377,1.0
blend_y25_ret75,blend,0.25,0.75,30,10,0.3,0.75,0.003683675213752526,0.006456604791036129,-0.013133516831617453,0.003232759880358982,0.041468991295700475,-0.06909196664865214,0.11876678896660042,-0.07201351550186486,-0.0446688425012024,-0.07201351550186486,0.0493355145622445,0.0405233388644638,0.002516420171714051,0.09080450585794497,-0.02856862778418834,0.12128320913831447,0.0027646468137553005,0.03603000136904906,0.005940145314218707,0.0026329758179231676,0.011635098689805697,0.01251013694893818,0.6046511627906976,0.6075949367088608,0.6701754385964911,0.7142857142857143,0.6704545454545455,0.017825375801279093,1.0
blend_y25_ret75,blend,0.25,0.75,40,5,0.0,1.0,0.0006420573460194888,-0.0031168919296511977,-0.004168850331498386,0.00183537340738682,0.041468991295700475,-0.06909196664865214,0.11876678896660042,-0.06906993104027637,-0.03485673113594745,-0.06906993104027637,0.03531798926750418,0.05344339789596031,-0.03879326243918846,0.07678698056320465,-0.015648568752691827,0.07997352652741196,0.006193301827291098,0.025632105786537008,0.0019219776979194471,-0.0019206634870274682,0.0076169310735064374,0.007956497643987544,0.5465116279069767,0.5443037974683544,0.2578947368421053,0.35714285714285715,0.2585227272727273,0.017430999364446965,1.0
blend_y25_ret75,blend,0.25,0.75,40,5,0.3,1.0,0.0001675868071529668,-0.0036024760640511635,-0.004168850331498386,0.00183537340738682,0.041468991295700475,-0.06909196664865214,0.11876678896660042,-0.07009479768457605,-0.03485673113594745,-0.07009479768457605,0.032767208381497825,0.05344339789596031,-0.041351591875358196,0.0742361996771983,-0.015648568752691827,0.07741519709124223,0.006193301827291098,0.025632105786537008,0.0017094217236723252,-0.002152053534942056,0.0074043750992593155,0.007725107596072956,0.5465116279069767,0.5443037974683544,0.2578947368421053,0.35714285714285715,0.2585227272727273,0.01711759239619368,1.0
blend_y25_ret75,blend,0.25,0.75,30,3,0.5,1.0,-0.004705320162709821,-0.0025561409088970476,-0.0034950128631745514,-0.002749512085905792,0.041468991295700475,-0.06909196664865214,0.11876678896660042,-0.041866772805209895,-0.03540411927279641,-0.041866772805209895,0.008801322568006364,0.054746051347286495,-0.043194072673177875,0.05027031386370684,-0.014345915301365642,0.07557271629342255,-0.012528964736963055,0.018726064512657903,-4.9471812125940866e-05,-0.003058635947552636,0.0056454815634610495,0.006818525183462376,0.5813953488372093,0.6075949367088608,0.20842105263157887,0.3142857142857142,0.20909090909090908,0.017069790530004635,1.0
blend_y25_ret75,blend,0.25,0.75,30,3,0.3,1.0,-0.004991250987180465,-0.0028615283491942997,-0.0034950128631745514,-0.002749512085905792,0.041468991295700475,-0.06909196664865214,0.11876678896660042,-0.04186677280521034,-0.03540411927279641,-0.04186677280521034,0.00789007541072162,0.054746051347286495,-0.04412727298098251,0.049359066706422094,-0.014345915301365642,0.07463951598561791,-0.012528964736963055,0.018726064512657903,-0.00019224824662536413,-0.003214063458526691,0.005502705128961626,0.006663097672488321,0.5697674418604651,0.5949367088607594,0.20842105263157887,0.3142857142857142,0.20909090909090908,0.016875180016976743,1.0
blend_y25_ret75,blend,0.25,0.75,30,3,0.0,1.0,-0.004992321196630657,-0.0028626933873299523,-0.0034950128631745514,-0.002749512085905792,0.041468991295700475,-0.06909196664865214,0.11876678896660042,-0.04186677280521034,-0.03540411927279641,-0.04186677280521034,0.00789007541072162,0.054746051347286495,-0.04412727298098251,0.049359066706422094,-0.014345915301365642,0.07463951598561791,-0.012528964736963055,0.018726064512657903,-0.00019419408198935104,-0.0032161817096824233,0.005500759293597639,0.006660979421332589,0.5697674418604651,0.5949367088607594,0.20842105263157887,0.3142857142857142,0.20909090909090908,0.01687444170792566,1.0
blend_y25_ret75,blend,0.25,0.75,40,5,0.5,0.75,0.0017006849571946413,0.01028965482889119,-0.020793202880884043,0.01631328084980277,0.041468991295700475,-0.06909196664865214,0.11876678896660042,-0.06709765710130966,-0.07073213983036297,-0.06709765710130966,0.0628075532749306,0.03058071386010941,0.042363227797830305,0.10427654457063107,-0.03851125278854273,0.16113001676443073,-0.012515112867361889,0.030686847866691135,0.005936799773122861,0.00366204769482569,0.011631753148709852,0.013539208825840702,0.6046511627906976,0.620253164556962,0.2578947368421053,0.35714285714285715,0.2585227272727273,0.015673731515478257,1.0
blend_y25_ret75,blend,0.25,0.75,30,1,0.5,1.0,-0.006419884729394405,-0.006828861350703858,-0.004663567042140659,0.004405717582847357,0.041468991295700475,-0.06909196664865214,0.11876678896660042,-0.04705452533943533,-0.03306143258151795,-0.04174255116942838,0.020021378605896922,0.0558512508938066,-0.029721724801345495,0.0614903699015974,-0.013240715754845533,0.08904506416525493,-0.015163073776314406,0.002199039717408735,-0.002009239645536939,-0.004866439729065104,0.0036857137300500514,0.005010721401949908,0.5232558139534884,0.5569620253164557,0.07649122807017542,0.19999999999999998,0.07727272727272726,0.015190973259136691,1.0
blend_y25_ret75,blend,0.25,0.75,30,1,0.3,1.0,-0.006537145593377258,-0.006956512417824433,-0.004663567042140659,0.004405717582847357,0.041468991295700475,-0.06909196664865214,0.11876678896660042,-0.04705452533943533,-0.03306143258151795,-0.04174255116942838,0.020021378605896922,0.0558512508938066,-0.029721724801345495,0.0614903699015974,-0.013240715754845533,0.08904506416525493,-0.015163073776314406,0.002199039717408735,-0.002222441216414854,-0.005098532578375239,0.0034725121591721365,0.0047786285526397725,0.5232558139534884,0.5569620253164557,0.07649122807017542,0.19999999999999998,0.07727272727272726,0.015110078106135861,1.0
blend_y25_ret75,blend,0.25,0.75,30,1,0.0,1.0,-0.006569566776422048,-0.006991806363923825,-0.004663567042140659,0.004405717582847357,0.041468991295700475,-0.06909196664865214,0.11876678896660042,-0.04705452533943533,-0.03306143258151795,-0.04174255116942838,0.020021378605896922,0.0558512508938066,-0.029721724801345495,0.0614903699015974,-0.013240715754845533,0.08904506416525493,-0.015163073776314406,0.002199039717408735,-0.002281388821950836,-0.005162703389465043,0.0034135645536361543,0.004714457741549969,0.5232558139534884,0.5569620253164557,0.07649122807017542,0.19999999999999998,0.07727272727272726,0.01508771159378218,1.0
return_pred,return_pred,0.0,1.0,40,10,0.5,0.75,-0.020301346015601088,-0.0010397349469949344,-0.04713177862107698,0.041386265190695326,0.041468991295700475,-0.06909196664865214,0.11876678896660042,-0.14774961754510973,-0.05340675906720116,-0.14774961754510973,-0.020447791238056734,0.05534993678859257,-0.025456899989045434,0.02102120005764374,-0.013742029860059568,0.09330988897755499,-0.02073230085625386,0.0594938158993354,0.0003151866807151755,-0.0021153956634571563,0.006010140056302166,0.007761765467557856,0.5581395348837209,0.569620253164557,0.5052631578947369,0.5714285714285714,0.5056818181818182,0.014844327946739459,1.0
return_pred,return_pred,0.0,1.0,20,5,0.5,1.0,-0.00011869066965502703,0.0044324771890826824,-0.03159125353831449,-0.010153934617000315,0.041468991295700475,-0.06909196664865214,0.11876678896660042,-0.10447233958773694,-0.06742131925707118,-0.10447233958773694,0.05121833563105316,0.035560202177583156,-0.0056021914489601254,0.09268732692675363,-0.03353176447106898,0.1131645975176403,0.002708172865174374,0.04528904075146607,0.005245945522848432,0.00235195472988306,0.010940898898435423,0.012229115860898072,0.5697674418604651,0.5949367088607594,0.5052631578947369,0.5714285714285714,0.5056818181818182,0.014416947363310305,1.0
y_score,y_score,1.0,0.0,20,1,0.0,0.75,-0.011806412308116758,-0.02486321623471408,0.013258247933679801,-0.020629837837502274,0.041468991295700475,-0.06909196664865214,0.11876678896660042,-0.052233243344547486,-0.006697609283421224,-0.052233243344547486,-0.033917873874705684,0.0796404661774407,-0.12246056704247943,0.007551117420994791,0.010548499528788557,-0.003693778075879006,-0.00508683043383964,-0.01933505468531762,-0.00584573134651332,-0.009098944895798424,-0.00015077797092632886,0.0007782162352165877,0.5348837209302325,0.5569620253164557,0.10947368421052628,0.22857142857142865,0.11022727272727272,0.01432443339485955,1.0
y_score,y_score,1.0,0.0,20,1,0.5,0.75,-0.011806412308116758,-0.02486321623471408,0.013258247933679801,-0.020629837837502274,0.041468991295700475,-0.06909196664865214,0.11876678896660042,-0.052233243344547486,-0.006697609283421224,-0.052233243344547486,-0.033917873874705684,0.0796404661774407,-0.12246056704247943,0.007551117420994791,0.010548499528788557,-0.003693778075879006,-0.00508683043383964,-0.01933505468531762,-0.00584573134651332,-0.009098944895798424,-0.00015077797092632886,0.0007782162352165877,0.5348837209302325,0.5569620253164557,0.10947368421052628,0.22857142857142865,0.11022727272727272,0.01432443339485955,1.0
y_score,y_score,1.0,0.0,20,1,0.3,0.75,-0.011806412308116758,-0.02486321623471408,0.013258247933679801,-0.020629837837502274,0.041468991295700475,-0.06909196664865214,0.11876678896660042,-0.052233243344547486,-0.006697609283421224,-0.052233243344547486,-0.033917873874705684,0.0796404661774407,-0.12246056704247943,0.007551117420994791,0.010548499528788557,-0.003693778075879006,-0.00508683043383964,-0.01933505468531762,-0.00584573134651332,-0.009098944895798424,-0.00015077797092632886,0.0007782162352165877,0.5348837209302325,0.5569620253164557,0.10947368421052628,0.22857142857142865,0.11022727272727272,0.01432443339485955,1.0
return_pred,return_pred,0.0,1.0,30,1,0.0,0.25,-0.009335647269235688,0.022998543594351658,-0.0819421219196741,0.06390207012739002,0.041468991295700475,-0.06909196664865214,0.11876678896660042,-0.16094131946443369,-0.06382177979139281,-0.16094131946443369,0.1380166428477867,0.016651451147415508,0.12468465797868578,0.17948563414348717,-0.05244051550123663,0.2434514469452862,-0.04592684268056322,0.08731793495824887,0.004657411728876016,0.0033528158571509547,0.010352365104463006,0.013229976988165967,0.5930232558139535,0.6075949367088608,0.07649122807017542,0.19999999999999998,0.07727272727272726,0.014310223065206537,1.0
y_score,y_score,1.0,0.0,30,1,0.3,0.5,-0.012208728036494261,-0.02307311594578882,0.015104462799422569,-0.011180301443650675,0.041468991295700475,-0.06909196664865214,0.11876678896660042,-0.07114698605737557,-0.010672991993864955,-0.07114698605737557,-0.025113995236227815,0.07650843355225267,-0.11065815932561063,0.01635499605947266,0.007416466903600538,0.008108629640989795,-0.00045860445750336434,-0.00485770581449021,-0.005574297521825866,-0.009520813040923113,0.00012065585376112433,0.00035634809009189877,0.46511627906976744,0.46835443037974683,0.07649122807017542,0.19999999999999998,0.07727272727272726,0.013953303960384612,1.0
y_score,y_score,1.0,0.0,30,1,0.5,0.5,-0.012208728036494261,-0.02307311594578882,0.015104462799422569,-0.011180301443650675,0.041468991295700475,-0.06909196664865214,0.11876678896660042,-0.07114698605737557,-0.010672991993864955,-0.07114698605737557,-0.025113995236227815,0.07650843355225267,-0.11065815932561063,0.01635499605947266,0.007416466903600538,0.008108629640989795,-0.00045860445750336434,-0.00485770581449021,-0.005574297521825866,-0.009520813040923113,0.00012065585376112433,0.00035634809009189877,0.46511627906976744,0.46835443037974683,0.07649122807017542,0.19999999999999998,0.07727272727272726,0.013953303960384612,1.0
y_score,y_score,1.0,0.0,30,1,0.0,0.5,-0.012208728036494261,-0.02307311594578882,0.015104462799422569,-0.011180301443650675,0.041468991295700475,-0.06909196664865214,0.11876678896660042,-0.07114698605737557,-0.010672991993864955,-0.07114698605737557,-0.025113995236227815,0.07650843355225267,-0.11065815932561063,0.01635499605947266,0.007416466903600538,0.008108629640989795,-0.00045860445750336434,-0.00485770581449021,-0.005574297521825866,-0.009520813040923113,0.00012065585376112433,0.00035634809009189877,0.46511627906976744,0.46835443037974683,0.07649122807017542,0.19999999999999998,0.07727272727272726,0.013953303960384612,1.0
return_pred,return_pred,0.0,1.0,20,5,0.0,1.0,0.0008918715580087892,-0.00014187309311107857,-0.007707163820855678,-0.009095589282349659,0.041468991295700475,-0.06909196664865214,0.11876678896660042,-0.09992969304620891,-0.06841296189655699,-0.09992969304620891,0.03809819037844542,0.039368504794133896,-0.02287740608230515,0.07956718167414589,-0.02972346185451824,0.09588938288429527,0.015184742214988889,0.04174686742927225,0.0025488757442725654,-0.001809805022812569,0.008243829119859556,0.008067356108202443,0.5930232558139535,0.5822784810126582,0.5052631578947369,0.5714285714285714,0.5056818181818182,0.013893508097648635,1.0
