wy,wr,wd,wc,cap_min_pct,top_n,daily_replace_k,val2026_strict_period_return,val2026_strict_excess_equal,val2026_strict_max_drawdown,val2026_strict_turnover_mean,hold2026_recent_period_return,hold2026_recent_excess_equal,hold2026_recent_max_drawdown,hold2026_recent_turnover_mean,same_pre_2025_period_return,same_pre_2025_excess_equal,same_pre_2025_max_drawdown,same_pre_2025_turnover_mean,same_comp_2025_period_return,same_comp_2025_excess_equal,same_comp_2025_max_drawdown,same_comp_2025_turnover_mean,selection_score_period,rolling_10d_return_mean,rolling_10d_win_rate,rolling_10d_return_min,rolling_10d_turnover_mean,latest_10d_return,recent5_10d_return_mean,recent5_10d_return_min,selection_score_competition
0.25,1.5,0.5,0.75,0.0,10.0,3.0,0.1392555973184233,0.020260884488833453,-0.06052751300327863,0.6045454545454544,0.028366148745402997,0.07043427256284684,-0.008629514906108415,0.6666666666666666,-0.013262631055567575,0.008350370767857718,-0.03009925789713863,0.6666666666666666,-0.005777457870096758,-0.019161919272989825,-0.021437880320436253,0.6444444444444444,0.02510423388491695,0.009981398746737506,0.6455696202531646,-0.07635830524880016,0.6399999999999999,0.019147159176149176,0.052798452038173724,0.019147159176149176,0.026846587388860012
0.5,1.0,0.25,0.5,0.0,10.0,3.0,0.146334039257757,0.027339326428167166,-0.0652812502391702,0.6045454545454544,0.015220271267706087,0.057288395085149935,-0.00736241556608952,0.6666666666666666,-0.03616727535043085,-0.014554273527005557,-0.0527560921616026,0.6666666666666666,0.00014765979572395338,-0.013236801607169113,-0.02250229668681536,0.6444444444444444,0.02245613439383651,0.010772471964806523,0.6329113924050633,-0.05582456392082891,0.6399999999999999,0.03048208902360683,0.04949113641223888,0.02616003019916069,0.024278420062064526
0.25,1.0,0.25,0.5,0.0,10.0,3.0,0.09917254443060997,-0.019822168398979878,-0.06246551315814153,0.6045454545454544,0.028366147779325557,0.0704342715967694,-0.00862951583743099,0.6666666666666666,-0.030659720466455043,-0.00904671864302975,-0.047059106037393605,0.6666666666666666,0.020929897906061257,0.00754543650316819,-0.021437880320436253,0.6444444444444444,0.008463399798672172,0.01025236248364379,0.6329113924050633,-0.07194445798694915,0.6399999999999999,0.01790517506769107,0.06296010947362603,0.01790517506769107,0.02365956808317934
0.5,1.5,0.5,0.75,0.0,10.0,3.0,0.11990799298208743,0.0009132801524975864,-0.055320237920862936,0.6045454545454544,0.018274508246278964,0.06034263206372281,-0.005426522414684443,0.6666666666666666,-0.007694258726198444,0.013918743097226849,-0.031109361048340833,0.6666666666666666,0.005283010999364457,-0.00810145040352861,-0.02779164470976947,0.6444444444444444,0.016369227988609354,0.009141850596160848,0.6075949367088608,-0.05532273806670651,0.6399999999999999,0.010626315190792157,0.04874615954067245,0.010626315190792157,0.022573563401251214
0.5,1.5,0.25,0.75,0.0,10.0,3.0,0.09716253624025994,-0.0218321765893299,-0.05641437633015112,0.6045454545454544,0.027749709181937865,0.06981783299938171,-0.00922378345906738,0.6666666666666666,-0.03611063672618098,-0.014497634902755685,-0.04762924309462724,0.6666666666666666,0.026295078911856562,0.012910617508963496,-0.018414460511007036,0.6444444444444444,0.007391926175578144,0.008570105415901377,0.6329113924050633,-0.07668385836018698,0.6399999999999999,0.010371424028566834,0.05020086089268818,0.010371424028566834,0.02011853123107648
0.25,2.0,0.25,0.5,0.0,10.0,5.0,0.20388751975379238,0.08489280692420254,-0.12332598078463286,1.0,-0.03437399806548991,0.00769412575195394,-0.03445481977709253,1.0,-0.07620094928811671,-0.05458794746469142,-0.055563662977788364,1.0,-0.059813725723547595,-0.07319818712644066,-0.06560417930397033,1.0,0.020957374365209815,0.011393687752696419,0.6455696202531646,-0.10884457706578943,1.0,0.08080903830835862,0.05774568012556323,0.041758445246361964,0.019841006545644958
0.25,2.0,0.25,0.25,0.5,10.0,5.0,0.2372962673708603,0.11830155454127045,-0.10049586872848804,1.0,-0.035479853839917586,0.006588269977526262,-0.021842253597861183,1.0,-0.06316204415608595,-0.04154904233266066,-0.05192221299636124,1.0,-0.0791486207032277,-0.09253308210612077,-0.07974281197432853,1.0,0.03477044837213606,0.020787284251920723,0.7468354430379747,-0.10567843878851202,1.0,0.0019289692172281825,0.013601245350530356,0.0019289692172281825,0.018673112903189223
0.5,2.0,0.5,0.75,0.0,10.0,3.0,0.08774695024838164,-0.031247762581208205,-0.08712043193120211,0.6045454545454544,-0.0014550565993903808,0.04061306721805347,-0.008374307095831757,0.6666666666666666,-0.008213496198764214,0.013399505624661079,-0.029157134825732345,0.6666666666666666,0.015619649846926764,0.0022351884440336978,-0.027026266520407294,0.6444444444444444,-0.0015630222467261097,0.010894399530091173,0.6455696202531646,-0.06913284340650505,0.6399999999999999,0.016213582234610335,0.058452770750507456,0.006863727277475196,0.0180809917363123
0.5,1.5,0.25,0.75,0.5,10.0,3.0,0.13403321886733743,0.01503850603774759,-0.05149042885120392,0.6045454545454544,0.010059122561523193,0.05212724637896704,-0.010293907556235826,0.6666666666666666,-0.04124657086979322,-0.019633569046367927,-0.056987914936649675,0.6666666666666666,-0.006949717172863856,-0.020334178575756923,-0.016513449533489988,0.6444444444444444,0.013803977168409446,0.012989797862949277,0.7088607594936709,-0.0640417853799351,0.6399999999999999,-0.00843279237971728,0.028459284531930674,-0.00843279237971728,0.017315567949266215
0.0,2.0,0.25,0.25,0.5,10.0,5.0,0.19907883978639296,0.08008412695680311,-0.1426222444245583,1.0,-0.03720693659924523,0.004861187218198615,-0.02359375249888962,1.0,-0.05864191011741238,-0.037028908293987084,-0.04327980843418622,1.0,-0.052017076059406864,-0.06540153746229993,-0.06186138011804543,1.0,0.021888587071668006,0.017187547115619133,0.7215189873417721,-0.1275794368996046,1.0,0.038823821435651995,0.030335335333649693,0.011687906569063822,0.01714222225172537
0.0,1.5,0.5,0.75,0.0,10.0,3.0,0.11876606958528102,-0.00022864324430882377,-0.045485901871570866,0.6045454545454544,0.015057484052751535,0.05712560787019538,-0.00783073283919078,0.6666666666666666,-0.024806016938014097,-0.003193015114588804,-0.04636802163785836,0.6666666666666666,-0.02179838562045666,-0.03518284702334973,-0.051604013817584726,0.6444444444444444,0.008422133186919095,0.008607808491877521,0.6075949367088608,-0.069488536104508,0.6399999999999999,0.02026933863267044,0.04077395107884043,0.02026933863267044,0.016823878221462814
0.25,0.5,0.25,0.25,0.0,10.0,3.0,0.08396139590632945,-0.035033316923260394,-0.10019129378985792,0.6045454545454544,0.03843862111429441,0.08050674493173826,0.0,0.6666666666666666,-0.0492757866538287,-0.02766278483040341,-0.05157121356459571,0.6666666666666666,0.0014128284829995064,-0.01197163291989356,-0.021100637204630512,0.6444444444444444,-0.0015834690450771591,0.0037142091183436465,0.5189873417721519,-0.07762600579077927,0.6399999999999999,0.018037529056072144,0.05686352553249248,0.018037529056072144,0.01652111116791818
0.5,1.0,0.5,0.5,0.0,10.0,3.0,0.08396139590632945,-0.035033316923260394,-0.10019129378985792,0.6045454545454544,0.03843862111429441,0.08050674493173826,0.0,0.6666666666666666,-0.0492757866538287,-0.02766278483040341,-0.05157121356459571,0.6666666666666666,0.0014128284829995064,-0.01197163291989356,-0.021100637204630512,0.6444444444444444,-0.0015834690450771591,0.0037142091183436465,0.5189873417721519,-0.07762600579077927,0.6399999999999999,0.018037529056072144,0.05686352553249248,0.018037529056072144,0.01652111116791818
0.25,1.0,0.5,0.5,0.0,10.0,3.0,0.08465454377828552,-0.034340169051304326,-0.055075878962860925,0.6045454545454544,0.020690107354195186,0.06275823117163903,-0.005426522414684332,0.6666666666666666,-0.005543207367313063,0.01606979445611223,-0.025217309664487875,0.6666666666666666,0.0055526223842436995,-0.007831839018649367,-0.023472292927626204,0.6444444444444444,0.0014721750354422403,0.007739674261762843,0.620253164556962,-0.0620473678992437,0.6399999999999999,0.02243687194902999,0.04418787449563104,0.016187251689288695,0.016427016866603125
0.25,1.5,0.25,0.75,0.0,10.0,3.0,0.09476849817917077,-0.024226214650419076,-0.051385327147828286,0.6045454545454544,0.021374784008732606,0.06344290782617645,-0.019821921813606758,0.6666666666666666,-0.024806020678812768,-0.003193018855387475,-0.04636802529594608,0.6666666666666666,-0.021798383771662766,-0.03518284517455583,-0.051604013817584726,0.6444444444444444,-0.0007974492406359664,0.008129002983743278,0.5949367088607594,-0.07233715982452693,0.6399999999999999,0.01693483662781703,0.05074006041734029,0.01693483662781703,0.015997477301896063
0.5,2.0,0.0,0.25,0.5,10.0,5.0,0.22436510791090214,0.1053703950813123,-0.11779326409031599,1.0,-0.045374796480616375,-0.0033066726631725274,-0.0318771071662014,1.0,-0.06861183804246951,-0.046998836219044215,-0.048837731762199854,1.0,-0.05929042787596406,-0.07267488927885712,-0.07038710051391905,1.0,0.0286389507961122,0.01840074327535753,0.7215189873417721,-0.11349581740141002,1.0,0.01573417039768099,0.014905470053996783,0.007183488281049311,0.01575538310755286
0.25,1.0,0.25,0.5,0.5,10.0,3.0,0.1332248836211336,0.014230170791543761,-0.055361155529155326,0.6045454545454544,-0.008864358130107886,0.03320376568733596,-0.009699638071954286,0.6666666666666666,-0.0452907661154317,-0.02367776429200641,-0.05417075856881981,0.6666666666666666,-0.010778677309062012,-0.02416313871195508,-0.021046444314972157,0.6444444444444444,0.00752838282743446,0.011923278920796513,0.6962025316455697,-0.07523497442272142,0.6399999999999999,0.004159285347567598,0.03843060162909775,0.004159285347567598,0.015386290694633178
1.0,0.5,0.0,0.0,0.5,10.0,5.0,0.1495529857043747,0.030558272874784853,-0.10981449528357379,1.0,-0.021452427036134925,0.020615696781308923,-0.03223366243539527,1.0,-0.02107525361709839,0.0005377482063269046,-0.019910002111907854,1.0,0.013016983911321223,-0.00036747749157184373,-0.02411264771227506,1.0,0.018930687596193676,0.013695725464063809,0.6582278481012658,-0.10228897349479427,1.0,-0.02846209509621922,0.010424586374814226,-0.02846209509621922,0.014567286939405875
0.25,1.0,0.5,0.5,0.5,10.0,3.0,0.1242417706066461,0.005247057777056252,-0.05127338445851548,0.6045454545454544,0.013300299106156155,0.0553684229236,0.0,0.6666666666666666,-0.03669692910207911,-0.01508392727865382,-0.052897372403700293,0.6666666666666666,-0.028014864561677233,-0.0413993259645703,-0.03774518494963819,0.6444444444444444,0.007730793744091698,0.01187906534063324,0.6835443037974683,-0.07927032630132702,0.6399999999999999,-0.009210050013476856,0.024740541796155747,-0.01199715648831412,0.013961859340309413
0.25,2.0,0.0,0.75,0.5,20.0,5.0,0.1485881660604691,0.029593453230879252,-0.05663415168900943,0.5056818181818182,-0.00827049096221022,0.03379763285523363,-0.012634721332788423,0.5833333333333334,-0.049850690417601484,-0.02823768859417619,-0.039524949483585425,0.5833333333333334,-0.026855579692028342,-0.04024004109492141,-0.03095822159857342,0.5555555555555556,0.011494802714339433,0.010709564383060461,0.7215189873417721,-0.07091286893637971,0.5499999999999997,0.02005361687105145,0.026926744586138574,0.007646169086435561,0.013506529637533488
0.0,0.5,0.0,0.25,0.5,20.0,5.0,0.14088059652913976,0.021885883699549913,-0.048111296552179605,0.5056818181818182,-0.003835667669975895,0.03823245614746795,-0.015364809641241983,0.5833333333333334,-0.048626975097079916,-0.027013973273654623,-0.03786819015405174,0.5833333333333334,-0.03138843999401442,-0.04477290139690748,-0.036258309871475825,0.5555555555555556,0.008638730501080135,0.010857059147835621,0.7468354430379747,-0.06796145408687349,0.5499999999999997,0.026943672415074005,0.02830381226615013,0.011836235079069946,0.013094468531733013
0.0,1.0,0.0,0.5,0.5,20.0,5.0,0.14088059652913976,0.021885883699549913,-0.048111296552179605,0.5056818181818182,-0.003835667669975895,0.03823245614746795,-0.015364809641241983,0.5833333333333334,-0.048626975097079916,-0.027013973273654623,-0.03786819015405174,0.5833333333333334,-0.03138843999401442,-0.04477290139690748,-0.036258309871475825,0.5555555555555556,0.008638730501080135,0.010857059147835621,0.7468354430379747,-0.06796145408687349,0.5499999999999997,0.026943672415074005,0.02830381226615013,0.011836235079069946,0.013094468531733013
0.0,1.5,0.0,0.75,0.5,20.0,5.0,0.14088059652913976,0.021885883699549913,-0.048111296552179605,0.5056818181818182,-0.003835667669975895,0.03823245614746795,-0.015364809641241983,0.5833333333333334,-0.048626975097079916,-0.027013973273654623,-0.03786819015405174,0.5833333333333334,-0.03138843999401442,-0.04477290139690748,-0.036258309871475825,0.5555555555555556,0.008638730501080135,0.010857059147835621,0.7468354430379747,-0.06796145408687349,0.5499999999999997,0.026943672415074005,0.02830381226615013,0.011836235079069946,0.013094468531733013
0.25,1.0,0.25,0.75,0.0,20.0,5.0,0.11214627805532262,-0.00684843477426722,-0.04977907852417163,0.5056818181818182,0.008286537061312771,0.05035466087875662,-0.017484752723192165,0.5833333333333334,-0.029595654492733936,-0.007982652669308643,-0.026521721260277964,0.5833333333333334,-0.0042153491741970806,-0.017599810577090147,-0.01474906349894034,0.5555555555555556,0.005669500084309087,0.010179379224636496,0.6708860759493671,-0.06309439636094205,0.5499999999999997,0.0072025839350720045,0.02333606965438051,0.005283938123882059,0.012837245831692377
0.25,2.0,0.5,0.75,0.0,20.0,5.0,0.15789451870684879,0.03889980587725894,-0.06950064136030965,0.5056818181818182,-0.05308921071013539,-0.011021086892691545,-0.05133696962767731,0.5833333333333334,-0.0405502677172811,-0.018937265893855804,-0.031944365240307526,0.5833333333333334,-0.017557778181374495,-0.03094223958426756,-0.04234236050546736,0.5555555555555556,0.007267715099875135,0.009618617204675523,0.7468354430379747,-0.07784123799134723,0.5499999999999997,0.02042566938178325,0.04458374040609381,0.015998575202743615,0.012724109039681047
0.0,0.5,0.0,0.25,0.0,20.0,5.0,0.13753884935548188,0.01854413652589204,-0.048035306562323354,0.5056818181818182,-0.04889524931225819,-0.006827125494814346,-0.051707280594499694,0.5833333333333334,-0.043144555830765374,-0.02153155400734008,-0.031797472630855306,0.5833333333333334,0.006943996336225,-0.006440465066668066,-0.03074405386152712,0.5555555555555556,0.0024422772018466102,0.011004890869010006,0.7088607594936709,-0.06360548550939149,0.5499999999999997,0.03669702194162672,0.04579182044880063,0.030654497447641038,0.01266972611802467
0.0,1.0,0.0,0.5,0.0,20.0,5.0,0.13753884935548188,0.01854413652589204,-0.048035306562323354,0.5056818181818182,-0.04889524931225819,-0.006827125494814346,-0.051707280594499694,0.5833333333333334,-0.043144555830765374,-0.02153155400734008,-0.031797472630855306,0.5833333333333334,0.006943996336225,-0.006440465066668066,-0.03074405386152712,0.5555555555555556,0.0024422772018466102,0.011004890869010006,0.7088607594936709,-0.06360548550939149,0.5499999999999997,0.03669702194162672,0.04579182044880063,0.030654497447641038,0.01266972611802467
0.0,1.5,0.0,0.75,0.0,20.0,5.0,0.13753884935548188,0.01854413652589204,-0.048035306562323354,0.5056818181818182,-0.04889524931225819,-0.006827125494814346,-0.051707280594499694,0.5833333333333334,-0.043144555830765374,-0.02153155400734008,-0.031797472630855306,0.5833333333333334,0.006943996336225,-0.006440465066668066,-0.03074405386152712,0.5555555555555556,0.0024422772018466102,0.011004890869010006,0.7088607594936709,-0.06360548550939149,0.5499999999999997,0.03669702194162672,0.04579182044880063,0.030654497447641038,0.01266972611802467
0.0,1.0,0.25,0.5,0.0,10.0,3.0,0.10484862258637495,-0.014146090243214893,-0.05294618723711486,0.6045454545454544,0.0017032337724038893,0.04377135758984774,-0.020883862265155373,0.6666666666666666,-0.024806016938014097,-0.003193015114588804,-0.04636802163785836,0.6666666666666666,-0.026138606614247828,-0.039523068017140894,-0.051690809313690966,0.6444444444444444,-0.0018303136817442228,0.008207936076407851,0.6329113924050633,-0.07948237353585064,0.6399999999999999,0.022689834071164983,0.04224109328956875,0.022689834071164983,0.012561080151771698
0.0,1.0,0.25,0.25,0.0,10.0,5.0,0.16048394866327165,0.0414892358336818,-0.11833171263506392,1.0,-0.03437399994349255,0.007694123873951297,-0.03445481795259053,1.0,-0.05001830236394755,-0.02840530054052226,-0.05172423106472468,1.0,-0.046531612980937,-0.059916074383830065,-0.059205827660090526,1.0,0.007345480854991787,0.010235550669288374,0.6835443037974683,-0.09850920495654492,1.0,0.052146193917769645,0.04017560616139071,0.020808714186711263,0.012370964803347612
0.0,2.0,0.5,0.5,0.0,10.0,5.0,0.16048394866327165,0.0414892358336818,-0.11833171263506392,1.0,-0.03437399994349255,0.007694123873951297,-0.03445481795259053,1.0,-0.05001830236394755,-0.02840530054052226,-0.05172423106472468,1.0,-0.046531612980937,-0.059916074383830065,-0.059205827660090526,1.0,0.007345480854991787,0.010235550669288374,0.6835443037974683,-0.09850920495654492,1.0,0.052146193917769645,0.04017560616139071,0.020808714186711263,0.012370964803347612
0.0,0.5,0.0,0.0,0.0,10.0,5.0,0.16403825989268705,0.04504354706309721,-0.16696499630810124,1.0,-0.05782005039592897,-0.01575192657848512,-0.054037482597119824,1.0,-0.05642910846396021,-0.034816106640534916,-0.03588783083940272,1.0,-0.04370430068161024,-0.05708876208450331,-0.0656441345588602,1.0,0.0025458842250167327,0.012634206206786742,0.620253164556962,-0.11315005495906749,1.0,0.055754724211051876,0.04819816218181501,0.031115210726790465,0.011562482527052309
0.0,1.0,0.0,0.0,0.0,10.0,5.0,0.16403825989268705,0.04504354706309721,-0.16696499630810124,1.0,-0.05782005039592897,-0.01575192657848512,-0.054037482597119824,1.0,-0.05642910846396021,-0.034816106640534916,-0.03588783083940272,1.0,-0.04370430068161024,-0.05708876208450331,-0.0656441345588602,1.0,0.0025458842250167327,0.012634206206786742,0.620253164556962,-0.11315005495906749,1.0,0.055754724211051876,0.04819816218181501,0.031115210726790465,0.011562482527052309
0.0,1.5,0.0,0.0,0.0,10.0,5.0,0.16403825989268705,0.04504354706309721,-0.16696499630810124,1.0,-0.05782005039592897,-0.01575192657848512,-0.054037482597119824,1.0,-0.05642910846396021,-0.034816106640534916,-0.03588783083940272,1.0,-0.04370430068161024,-0.05708876208450331,-0.0656441345588602,1.0,0.0025458842250167327,0.012634206206786742,0.620253164556962,-0.11315005495906749,1.0,0.055754724211051876,0.04819816218181501,0.031115210726790465,0.011562482527052309
0.0,2.0,0.0,0.0,0.0,10.0,5.0,0.16403825989268705,0.04504354706309721,-0.16696499630810124,1.0,-0.05782005039592897,-0.01575192657848512,-0.054037482597119824,1.0,-0.05642910846396021,-0.034816106640534916,-0.03588783083940272,1.0,-0.04370430068161024,-0.05708876208450331,-0.0656441345588602,1.0,0.0025458842250167327,0.012634206206786742,0.620253164556962,-0.11315005495906749,1.0,0.055754724211051876,0.04819816218181501,0.031115210726790465,0.011562482527052309
0.5,0.5,0.5,0.0,0.0,20.0,5.0,0.13749811204892337,0.018503399219333527,-0.13196428032381924,0.5056818181818182,-0.058447816989222856,-0.01637969317177901,-0.05740745319885676,0.5833333333333334,-0.025329999268510872,-0.003716997445085579,-0.029572022046627566,0.5833333333333334,0.01799918885878271,0.0046147274558896445,-0.01632226714963758,0.5555555555555556,0.004366265857375945,0.012759576676183468,0.7215189873417721,-0.12073563827472356,0.5499999999999997,0.005477863759731916,0.03048658274083227,0.005477863759731916,0.010949054042774154
0.25,1.0,0.25,0.5,0.5,20.0,3.0,0.12228799285680703,0.0032932800272171825,-0.044172561753890505,0.30795454545454537,0.009489153437456599,0.05155727725490045,-0.018694958523122862,0.4166666666666667,-0.03434057680307345,-0.01272757497964816,-0.037091620411310866,0.4166666666666667,-0.013108797960514118,-0.026493259363407184,-0.024532542676113045,0.3777777777777777,0.008488170174514541,0.006551920707974981,0.5822784810126582,-0.06707292166965739,0.3700000000000001,-0.008122333427989736,0.016114955200410862,-0.011767735270382773,0.010802184304461908
0.0,2.0,0.0,0.75,0.5,20.0,5.0,0.13175885465491688,0.012764141825327036,-0.06493215282641418,0.5056818181818182,-0.014494846172033116,0.027573277645410732,-0.02008656666576858,0.5833333333333334,-0.0505628028626377,-0.02894980103921241,-0.039976982784688864,0.5833333333333334,-0.01882560636137698,-0.032210067764270045,-0.026086590442818802,0.5555555555555556,0.003463202912227483,0.01028308977385732,0.6962025316455697,-0.07981136493659768,0.5499999999999997,0.02926384024694495,0.02787809147593756,0.012289737113341248,0.010638322476387055
1.0,1.0,0.0,0.75,0.5,20.0,5.0,0.09536568074696561,-0.023629032082624235,-0.04667815792577923,0.5056818181818182,0.024676715133697735,0.06674483895114158,-0.009322375738620714,0.5833333333333334,-0.042248065681320446,-0.020635063857895153,-0.03878935686277907,0.5833333333333334,-0.009436699764833856,-0.022821161167726922,-0.018326534408494077,0.5555555555555556,-0.0004652884532388205,0.010317660934226999,0.6582278481012658,-0.0637094042039289,0.5499999999999997,0.00037511231381581744,0.01852420750457675,-0.004648704021436911,0.010524176981250747
0.5,1.5,0.25,0.75,0.5,20.0,3.0,0.11981252706185663,0.0008178142322667892,-0.04681376106675572,0.30795454545454537,0.005917121283456561,0.04798524510090041,-0.01547963470921132,0.4166666666666667,-0.03462132406611573,-0.01300832224269044,-0.03851669503072519,0.4166666666666667,-0.018966794094052553,-0.03235125549694562,-0.027372721737903172,0.3777777777777777,0.005560391018799749,0.00729639663214802,0.620253164556962,-0.06853440484358742,0.3700000000000001,-0.005447158810642283,0.01975597419831452,-0.005447158810642283,0.010423424230417085
0.25,1.5,0.0,0.75,0.5,20.0,5.0,0.1205243399939191,0.0015296271643292503,-0.058660848228831775,0.5056818181818182,-0.003835665764783669,0.03823245805266018,-0.015364809641241983,0.5833333333333334,-0.04428794924113166,-0.02267494741770637,-0.04094119390495787,0.5833333333333334,-0.016217958623510387,-0.029602420026403453,-0.024719716800468694,0.5555555555555556,0.0024048416204967334,0.010157333148712528,0.7215189873417721,-0.07107338155172782,0.5499999999999997,0.011989756082081637,0.02191370944595015,0.007262344059334014,0.009981318715479592
0.0,0.5,0.25,0.25,0.0,20.0,5.0,0.11824286108221904,-0.000751851747370802,-0.053884399140047834,0.5056818181818182,-0.041546889434595946,0.0005212343828479016,-0.04423878599123232,0.5833333333333334,-0.03309572469637845,-0.011482722872953155,-0.030645657669528537,0.5833333333333334,0.007957017474408357,-0.00542744392848471,-0.022847719463197302,0.5555555555555556,-0.0027445497108205654,0.00846641989707671,0.6582278481012658,-0.08426604749345945,0.5499999999999997,0.018792749832992284,0.041560429439075806,0.006879750631301862,0.009972477737005736
0.0,1.0,0.5,0.5,0.0,20.0,5.0,0.11824286108221904,-0.000751851747370802,-0.053884399140047834,0.5056818181818182,-0.041546889434595946,0.0005212343828479016,-0.04423878599123232,0.5833333333333334,-0.03309572469637845,-0.011482722872953155,-0.030645657669528537,0.5833333333333334,0.007957017474408357,-0.00542744392848471,-0.022847719463197302,0.5555555555555556,-0.0027445497108205654,0.00846641989707671,0.6582278481012658,-0.08426604749345945,0.5499999999999997,0.018792749832992284,0.041560429439075806,0.006879750631301862,0.009972477737005736
0.0,0.5,0.25,0.25,0.0,20.0,3.0,0.11612507866141386,-0.002869634168175983,-0.04743517812587872,0.30795454545454537,-0.028279661636550824,0.013788462180893024,-0.03318432555724904,0.4166666666666667,-0.013257645038905363,0.00835535678451993,-0.02340927321928199,0.4166666666666667,-0.013277470780361122,-0.02666193218325419,-0.02616341920311538,0.3777777777777777,-0.000590206140266075,0.004445420543230811,0.5949367088607594,-0.07760099887582417,0.3700000000000001,0.008169893166264375,0.03893017118936108,0.005951952648350689,0.009606762475005488
0.0,1.0,0.5,0.5,0.0,20.0,3.0,0.11612507866141386,-0.002869634168175983,-0.04743517812587872,0.30795454545454537,-0.028279661636550824,0.013788462180893024,-0.03318432555724904,0.4166666666666667,-0.013257645038905363,0.00835535678451993,-0.02340927321928199,0.4166666666666667,-0.013277470780361122,-0.02666193218325419,-0.02616341920311538,0.3777777777777777,-0.000590206140266075,0.004445420543230811,0.5949367088607594,-0.07760099887582417,0.3700000000000001,0.008169893166264375,0.03893017118936108,0.005951952648350689,0.009606762475005488
0.5,1.0,0.25,0.75,0.0,20.0,5.0,0.12047141317126009,0.0014767003416702451,-0.05257875860644934,0.5056818181818182,-0.0036759706514085666,0.03839215316603528,-0.03255733578920994,0.5833333333333334,-0.04549470655257948,-0.023881704729154185,-0.04826660368068281,0.5833333333333334,-0.0010539528668540576,-0.014438414269747124,-0.01114172558538673,0.5555555555555556,0.0045145355954252335,0.008963608978849876,0.6835443037974683,-0.06963360829453547,0.5499999999999997,0.0035731369680065406,0.016652109469569652,0.0029165483233937195,0.009574004137749618
0.0,1.0,0.5,0.75,0.0,20.0,5.0,0.10497433490721941,-0.01402037792237043,-0.038476254595765313,0.5056818181818182,-0.02253297670531962,0.01953514711212423,-0.036158247455178705,0.5833333333333334,-0.01740851148690381,0.0042044903365214825,-0.021978066051006273,0.5833333333333334,0.010122508362936156,-0.0032619530399569108,-0.00886058780157517,0.5555555555555556,-0.0012840026925509504,0.011794521021432863,0.7215189873417721,-0.06036721211434326,0.5499999999999997,0.006734895658661921,0.021102988544213018,0.006734895658661921,0.009246585742049517
0.25,2.0,0.0,0.5,0.5,10.0,5.0,0.1644162792793875,0.04542156644979767,-0.10119851989105433,1.0,-0.030691626119429327,0.01137649769801452,-0.01955634082561508,1.0,-0.0589514966412894,-0.03733849481786411,-0.04341770012484736,1.0,-0.054698098706360776,-0.06808256010925384,-0.06451456175493664,1.0,0.007470671087844889,0.014044471055798464,0.6708860759493671,-0.09351438108995769,1.0,0.018968914382902824,0.018050251760566606,0.002746971073176452,0.009138745724280766
0.0,2.0,0.25,0.5,0.0,10.0,5.0,0.14138787146259135,0.02239315863300151,-0.15247759313127407,1.0,-0.027322388162312694,0.014745735655131154,-0.03126596261868997,1.0,-0.05001830636983673,-0.028405304546411436,-0.051724235063420276,1.0,-0.05486310319768928,-0.06824756460058234,-0.06043625323976187,1.0,-0.0007345750734155995,0.008540369143771466,0.620253164556962,-0.11546640660916041,1.0,0.06124190208460778,0.03848755823531826,0.019407327005788177,0.009008509804579033
0.0,1.0,0.0,0.25,0.5,10.0,5.0,0.17454330488528425,0.0555485920556944,-0.11625674481577908,1.0,-0.030691626119429327,0.01137649769801452,-0.01955634082561508,1.0,-0.060613687254743365,-0.03900068543131807,-0.04510732835779574,1.0,-0.055107623139840745,-0.06849208454273381,-0.0649198334925708,1.0,0.011717075353458329,0.015567963207559708,0.6708860759493671,-0.10286749816264029,1.0,0.01855585541877036,0.007789448178945202,-0.01048211152340861,0.008983482473437384
0.0,2.0,0.0,0.5,0.5,10.0,5.0,0.17454330488528425,0.0555485920556944,-0.11625674481577908,1.0,-0.030691626119429327,0.01137649769801452,-0.01955634082561508,1.0,-0.060613687254743365,-0.03900068543131807,-0.04510732835779574,1.0,-0.055107623139840745,-0.06849208454273381,-0.0649198334925708,1.0,0.011717075353458329,0.015567963207559708,0.6708860759493671,-0.10286749816264029,1.0,0.01855585541877036,0.007789448178945202,-0.01048211152340861,0.008983482473437384
0.5,1.0,0.25,0.75,0.5,20.0,5.0,0.11441021143795149,-0.0045845013916383515,-0.04401698262470288,0.5056818181818182,-0.003886009958719905,0.03818211385872394,-0.022430857485258637,0.5833333333333334,-0.026070601575020613,-0.00445759975159532,-0.031822501591589614,0.5833333333333334,-0.0013002476037661248,-0.014684709006659191,-0.012470099558303138,0.5555555555555556,0.0046111565247055515,0.010350651470634523,0.7088607594936709,-0.05824191347282237,0.5499999999999997,-0.009445765165888576,0.00707601311528987,-0.009445765165888576,0.008641899350973809
0.25,1.0,0.5,0.75,0.5,20.0,5.0,0.10704844950562764,-0.011946263323962203,-0.044585967821185846,0.5056818181818182,-0.004826419597177334,0.037241704220266514,-0.0257354505464632,0.5833333333333334,-0.02012205902565467,0.0014909427977706224,-0.026051443617235992,0.5833333333333334,-0.004205743763615155,-0.01759020516650822,-0.01086520377319189,0.5555555555555556,0.0015197182039729975,0.008513392712128063,0.620253164556962,-0.07186113928312521,0.5499999999999997,-0.005003945397850318,0.015314194809319503,-0.005003945397850318,0.008629397867899052
0.5,1.0,0.5,0.75,0.5,20.0,3.0,0.09634894336943334,-0.022645769460156506,-0.039142815414353715,0.30795454545454537,0.021315867359649632,0.06338399117709348,-0.011097461642060269,0.4166666666666667,-0.03403866740887751,-0.012425665585452217,-0.033306258643236775,0.4166666666666667,-0.005340719854127318,-0.018725181257020385,-0.014723320484179014,0.3777777777777777,0.0009827745108320512,0.006658461728704731,0.5949367088607594,-0.06791572273066415,0.3700000000000001,-0.01551628550991524,0.012333034615931849,-0.017927631185560733,0.008571488272588126
0.0,1.5,0.0,0.25,0.5,10.0,5.0,0.182281580162708,0.06328686733311817,-0.12307079093629425,1.0,-0.036991410312257944,0.005076713505185904,-0.035384694930887695,1.0,-0.06278569800690526,-0.04117269618347996,-0.047315193183014914,1.0,-0.06207586425587985,-0.07546032565877292,-0.07181571308967549,1.0,0.012253315399861723,0.013916891424875746,0.6455696202531646,-0.10752558282493563,1.0,0.03760837557945651,0.010856095361075546,-0.004101897425883627,0.008549191558498263
0.0,1.5,0.25,0.75,0.5,20.0,5.0,0.10853652669954994,-0.010458186130039904,-0.04479756499315335,0.5056818181818182,0.0035285913380846967,0.045596715155528544,-0.015364808709919409,0.5833333333333334,-0.05012923112024126,-0.028516229296815965,-0.04013133677448333,0.5833333333333334,-0.017614249674395954,-0.03099871107728902,-0.026365286149884648,0.5555555555555556,-0.002234246025751569,0.010097459642212352,0.7088607594936709,-0.06226925296410235,0.5499999999999997,0.013659545901928416,0.020630674362540336,-0.0019305344135848168,0.008467404573047812
0.25,1.5,0.0,0.0,0.0,10.0,5.0,0.1878981813321714,0.06890346850258156,-0.15370543407519022,1.0,-0.061561435839040723,-0.019493312021596876,-0.054037482597119824,1.0,-0.0749989697971728,-0.053385967973747506,-0.04965904706407309,1.0,-0.056878845094359476,-0.07026330649725254,-0.06490210408238284,1.0,0.007585841650112475,0.014930129578209684,0.6582278481012658,-0.11847668861084104,1.0,0.027583255358155423,0.025119919161597705,0.015180692847790445,0.008387357071515628
0.0,1.0,0.25,0.75,0.5,20.0,5.0,0.11051140710388152,-0.008483305725708323,-0.041967478019703686,0.5056818181818182,-0.0037466165201981427,0.038321507297245705,-0.030448743774543874,0.5833333333333334,-0.025905762923294606,-0.004292761099869313,-0.030999590065700744,0.5833333333333334,-0.006503326721776559,-0.019887788124669625,-0.015474380138666088,0.5555555555555556,0.00213580686406184,0.008319069963223891,0.6835443037974683,-0.06127835988117114,0.5499999999999997,0.008014046027866373,0.013961910482800289,0.0008538969651790129,0.008366245627578605
0.0,1.5,0.25,0.0,0.5,10.0,5.0,0.190874360483424,0.07187964765383414,-0.1345888561401879,1.0,-0.04732272958782224,-0.0052546057703783955,-0.04262613366443069,1.0,-0.06874222715516276,-0.04712922533173747,-0.03886331612364624,1.0,-0.06584694654922152,-0.07923140795211459,-0.07933553650512448,1.0,0.012078095009052959,0.016115626369366514,0.6708860759493671,-0.1258640701729784,1.0,0.007194907677049445,0.010282214431224235,-0.005613565000067822,0.008213620901752584
0.25,1.5,0.25,0.25,0.5,10.0,5.0,0.20430033088722177,0.08530561805763193,-0.09504776054902275,1.0,-0.045451572008800345,-0.0033834481913564973,-0.016148434453552296,1.0,-0.06642754780473936,-0.04481454598131407,-0.048837731762199854,1.0,-0.07952752672365737,-0.09291198812655044,-0.08012147371478195,1.0,0.016882685961915573,0.017496731623481535,0.7088607594936709,-0.10215336936700403,1.0,-0.004064378475955532,0.00041584887291790107,-0.011537854715464646,0.008165861264653596
0.0,1.0,0.5,0.75,0.5,20.0,5.0,0.10166575373827369,-0.017328959091316154,-0.03824855774524505,0.5056818181818182,-0.00024028638388451373,0.041827837433559334,-0.017565981473586234,0.5833333333333334,-0.017316977535637768,0.004296024287787525,-0.026861472134299458,0.5833333333333334,-0.011731369606944542,-0.025115831009837608,-0.021292375927953744,0.5555555555555556,-0.00046404324100994803,0.011391473763697306,0.7088607594936709,-0.0620739968700339,0.5499999999999997,-0.003479091194950712,0.01027270643828675,-0.003479091194950712,0.008154903352134127
0.5,1.5,0.5,0.75,0.5,20.0,3.0,0.12560212672644222,0.006607413896852377,-0.041870064010518626,0.30795454545454537,-0.017560281732776906,0.024507842084666942,-0.02866512637475982,0.4166666666666667,-0.025392863796113496,-0.0037798619726882032,-0.034679087883782156,0.4166666666666667,-0.014646508892851129,-0.028030970295744195,-0.02464681359492027,0.3777777777777777,0.004328671934485444,0.0052343790133203465,0.5569620253164557,-0.06957415662250699,0.3700000000000001,-0.005087064887869253,0.019388206591783374,-0.007557942401423046,0.007991149950114265
0.25,1.5,0.5,0.75,0.5,20.0,5.0,0.1111588417040732,-0.007835871125516647,-0.05505230405786499,0.5056818181818182,-0.008942361426610201,0.033125762390833646,-0.019653581351762983,0.5833333333333334,-0.032447665569740214,-0.010834663746314921,-0.03370589744609975,0.5833333333333334,-0.011355448014977787,-0.024739909417870853,-0.021704306034679766,0.5555555555555556,-0.0005808873834019452,0.01015575995233524,0.6835443037974683,-0.0753928339951283,0.5499999999999997,-0.002265978682640224,0.016532922791117687,-0.012426577008595618,0.007986491244024488
0.0,2.0,0.25,0.75,0.5,20.0,5.0,0.12599967104443177,0.007004958214841928,-0.07047972051684825,0.5056818181818182,-0.01610825487278078,0.025959868944663067,-0.01574152496606107,0.5833333333333334,-0.0529155353973213,-0.03130253357389601,-0.042296815727638326,0.5833333333333334,-0.03473535056421839,-0.04811981196711146,-0.041196143429009346,0.5555555555555556,-0.0022711533983064847,0.010591977668356805,0.6835443037974683,-0.07619387553703039,0.5499999999999997,0.01613542078849628,0.025273208325775665,0.00929586004861438,0.007749882007430205
0.25,1.0,0.0,0.75,0.5,20.0,5.0,0.09897857713976821,-0.020016135689821635,-0.04348291733523413,0.5056818181818182,0.010737374601752503,0.05280549841919635,-0.016905336388945535,0.5833333333333334,-0.016451315105980857,0.005161686717444436,-0.027328923762744095,0.5833333333333334,-0.022628972348914256,-0.03601343375180732,-0.02506432418067195,0.5555555555555556,-0.0004336485107750811,0.00904867085636047,0.6455696202531646,-0.06169416814834994,0.5499999999999997,0.013191905181151764,0.009826376286272188,-0.00237414237727418,0.007736833438809595
0.25,2.0,0.0,0.0,0.5,10.0,5.0,0.19090321079757877,0.07190849796798893,-0.11699350664596286,1.0,-0.0604394556458816,-0.018371331828437754,-0.05580751947971596,1.0,-0.077835233699169,-0.05622223187574371,-0.04824806695313366,1.0,-0.04984807158866289,-0.06323253299155596,-0.06356767622276238,1.0,0.00984777639839063,0.01390559480255019,0.6708860759493671,-0.11746048198219616,1.0,0.018778792677491607,0.016662040208660446,0.005117827920111617,0.0072708337785098555
0.0,1.5,0.25,0.0,0.0,10.0,5.0,0.17115111253932258,0.05215639970973274,-0.1510837876224419,1.0,-0.061561435839040723,-0.019493312021596876,-0.054037482597119824,1.0,-0.07242042073351529,-0.050807418910089996,-0.049659045237226085,1.0,-0.06485140544690626,-0.07823586684979933,-0.07280684250003866,1.0,-0.0007594410000028879,0.01456822110879933,0.6582278481012658,-0.1169967813814512,1.0,0.03573824094989697,0.03453958056548503,0.02054318958902246,0.0072280102224054526
0.0,2.0,0.25,0.0,0.5,10.0,5.0,0.18197648448646064,0.0629817716568708,-0.13589635941078182,1.0,-0.05361085286517697,-0.011542729047733125,-0.0489452532722886,1.0,-0.06874222715516276,-0.04712922533173747,-0.03886331612364624,1.0,-0.0498480724911472,-0.06323253389404027,-0.06356767711221534,1.0,0.00890185109979192,0.015210787319001988,0.6708860759493671,-0.12296722815469252,1.0,0.01587913048592049,0.011575460407835659,0.004295301142136498,0.007077592092655148
0.25,1.0,0.0,0.0,0.5,10.0,5.0,0.1792593404425331,0.06026462761294327,-0.11881638657786309,1.0,-0.04280117317871501,-0.0007330493612711653,-0.03808228647117462,1.0,-0.050585729711273286,-0.028972727887847993,-0.0340785146082947,1.0,-0.07504197702749882,-0.08842643843039188,-0.0807977422618813,1.0,0.009325945137770702,0.015168585506163384,0.7088607594936709,-0.11078490008239716,1.0,0.002454040813304914,0.007661667298624409,0.0001782891913004736,0.00696613765076489
0.5,2.0,0.0,0.0,0.5,10.0,5.0,0.1792593404425331,0.06026462761294327,-0.11881638657786309,1.0,-0.04280117317871501,-0.0007330493612711653,-0.03808228647117462,1.0,-0.050585729711273286,-0.028972727887847993,-0.0340785146082947,1.0,-0.07504197702749882,-0.08842643843039188,-0.0807977422618813,1.0,0.009325945137770702,0.015168585506163384,0.7088607594936709,-0.11078490008239716,1.0,0.002454040813304914,0.007661667298624409,0.0001782891913004736,0.00696613765076489
0.0,1.5,0.0,0.5,0.5,20.0,5.0,0.12572673680414614,0.0067320239745563,-0.07576057366856959,0.5056818181818182,-0.014494846401009398,0.02757327741643445,-0.02008656666576858,0.5833333333333334,-0.05068903987247986,-0.029076038049054564,-0.04010462637944623,0.5833333333333334,-0.02596891673932633,-0.0393533781422194,-0.02814002572892038,0.5555555555555556,-0.00034168228603214616,0.007502305546177402,0.6708860759493671,-0.08278694767995987,0.5499999999999997,0.01136604525983631,0.021275580042955777,0.01136604525983631,0.006894511944056311
0.0,2.0,0.5,0.25,0.5,10.0,5.0,0.18499706663546522,0.06600235380587538,-0.1051861427484928,1.0,-0.045451572008800345,-0.0033834481913564973,-0.016148434453552296,1.0,-0.061191609551025095,-0.0395786077275998,-0.049928137854392096,1.0,-0.07447125553122469,-0.08785571693411776,-0.0750684650403487,1.0,0.009740048465547166,0.015272512566535149,0.6455696202531646,-0.12323457942351368,1.0,-0.005898790760852979,0.004188880265457206,-0.005898790760852979,0.00601841694392776
0.25,2.0,0.25,0.5,0.5,10.0,5.0,0.15993317559921216,0.04093846276962232,-0.09664849976372658,1.0,-0.03010342572763769,0.011964698089806158,-0.014884536078878297,1.0,-0.06514485765015365,-0.04353185582672836,-0.04753087392378241,1.0,-0.08178954595229448,-0.09517400735518755,-0.08146267675217544,1.0,0.0006076032914941985,0.015951885230454526,0.7341772151898734,-0.10313212012727435,1.0,0.014459870228335836,0.013770584428290534,0.0014915722922332897,0.005869811106587767
0.5,2.0,0.25,0.25,0.5,10.0,5.0,0.16462918095160917,0.04563446812201932,-0.1020015376720087,1.0,-0.03428108361764515,0.0077870401997987004,-0.024615206573279202,1.0,-0.05071189476659588,-0.029098892943170585,-0.04228149051517949,1.0,-0.06778315396424972,-0.08116761536714279,-0.07451505860650776,1.0,0.005942294458311367,0.015092327686818044,0.6835443037974683,-0.10639628397638823,1.0,-0.005774021733391144,0.0030433500817751646,-0.020319327296803746,0.00563422283174055
0.25,2.0,0.5,0.25,0.5,10.0,5.0,0.16884064402429222,0.049845931194702375,-0.10183807566749803,1.0,-0.045451572008800345,-0.0033834481913564973,-0.016148434453552296,1.0,-0.050203898175555595,-0.0285908963521303,-0.04228149051517949,1.0,-0.07500612458126421,-0.08839058598415728,-0.08168586931069255,1.0,0.00403758463933381,0.015970832948842325,0.6708860759493671,-0.10582891558143537,1.0,-0.004155091437510694,0.006374331831248558,-0.011134637357129273,0.005060419173624838
0.25,2.0,0.25,0.0,0.0,10.0,5.0,0.17712980171493187,0.05813508888534202,-0.13654321480245257,1.0,-0.08933044388682176,-0.04726232006937792,-0.07183366278474013,1.0,-0.07442420771582647,-0.05281120589240118,-0.049659045237226085,1.0,-0.03853537558633158,-0.051919836989224644,-0.050030832800236125,1.0,-0.0013644464511844397,0.014790306632207421,0.7088607594936709,-0.13298639950881885,1.0,0.02707493072810263,0.030037385489436064,0.012100131304458195,0.00496017152543249
0.0,1.5,0.5,0.25,0.5,10.0,5.0,0.18512855567317632,0.06613384284358648,-0.102794039929761,1.0,-0.04771158444031054,-0.005643460622866692,-0.016148434453552185,1.0,-0.06222840407100094,-0.04061540224757565,-0.05192221299636124,1.0,-0.0837824798312562,-0.09716694123414926,-0.08521963206587124,1.0,0.007682012601638507,0.014724076276536593,0.6962025316455697,-0.11616074256856046,1.0,-0.007020481497696518,0.00483972080427324,-0.0072624456029527495,0.004861252429621055
0.0,1.0,0.25,0.25,0.5,10.0,5.0,0.15105713878399785,0.032062425954408,-0.09915305947754705,1.0,-0.03237678941611255,0.009691334401331297,-0.014884536078878186,1.0,-0.05946009485896209,-0.037847093035536794,-0.050619589454043545,1.0,-0.07215002564042483,-0.0855344870433179,-0.07181972518535762,1.0,-0.0016563117320117764,0.015371421115183626,0.6835443037974683,-0.10494445170788225,1.0,0.007141937040898494,0.011082148479874232,-0.0025580469951688167,0.004605872633735909
0.0,2.0,0.5,0.5,0.5,10.0,5.0,0.15105713878399785,0.032062425954408,-0.09915305947754705,1.0,-0.03237678941611255,0.009691334401331297,-0.014884536078878186,1.0,-0.05946009485896209,-0.037847093035536794,-0.050619589454043545,1.0,-0.07215002564042483,-0.0855344870433179,-0.07181972518535762,1.0,-0.0016563117320117764,0.015371421115183626,0.6835443037974683,-0.10494445170788225,1.0,0.007141937040898494,0.011082148479874232,-0.0025580469951688167,0.004605872633735909
0.25,1.5,0.0,0.0,0.5,10.0,5.0,0.1708851175774846,0.05189040474789475,-0.11631091363363844,1.0,-0.060439452250148795,-0.018371328432704948,-0.05580751947971596,1.0,-0.0640957375503397,-0.04248273572691441,-0.04864685742107144,1.0,-0.06609959314770131,-0.07948405455059437,-0.07711594441953318,1.0,0.00046283148675008504,0.014761547107379211,0.6962025316455697,-0.11375649777052455,1.0,0.005977128920248376,0.007746421325426,-0.005081586178011799,0.0025961779291332364
