industry,count,top20,top80,median_rank,mean_score,variant
IT设备,68,0,0,2573.0,-0.10890436172485352,direct_multihead
专用机械,250,1,5,1980.0,0.19573292136192322,direct_multihead
中成药,60,0,1,3604.5,-0.42956727743148804,direct_multihead
乳制品,19,0,0,2656.0,-0.16110576689243317,direct_multihead
互联网,75,0,2,3060.0,-0.1138051226735115,direct_multihead
仓储物流,43,0,1,2932.0,-0.2063244879245758,direct_multihead
供气供热,43,0,2,1541.0,0.38844171166419983,direct_multihead
保险,5,0,0,4789.0,-1.2069447040557861,direct_multihead
元器件,276,5,11,1168.5,0.6255687475204468,direct_multihead
全国地产,24,1,1,3131.0,-0.1481965035200119,direct_multihead
公共交通,7,0,0,2630.0,-0.1577010154724121,direct_multihead
公路,2,0,0,2710.0,-0.17688432335853577,direct_multihead
其他商业,11,0,0,2109.0,0.21455207467079163,direct_multihead
其他建材,27,0,0,2584.0,-0.08539646863937378,direct_multihead
农业综合,37,0,0,3489.0,-0.46032705903053284,direct_multihead
农用机械,10,0,0,3249.5,-0.384084552526474,direct_multihead
农药化肥,52,0,0,3557.5,-0.5505716800689697,direct_multihead
出版业,28,0,0,3313.5,-0.5329726934432983,direct_multihead
化学制药,135,0,0,3768.0,-0.5499991774559021,direct_multihead
化工原料,231,2,4,2313.0,0.0772048607468605,direct_multihead
化工机械,12,0,0,2348.5,-0.3041539490222931,direct_multihead
化纤,31,0,0,3508.0,-0.41166532039642334,direct_multihead
区域地产,38,0,0,3010.0,-0.10547060519456863,direct_multihead
医疗保健,164,0,0,3117.0,-0.3328106999397278,direct_multihead
医药商业,35,0,0,3612.0,-0.5124990344047546,direct_multihead
半导体,186,0,6,1042.0,0.7470752596855164,direct_multihead
商品城,4,0,0,3080.5,-0.07261958718299866,direct_multihead
商贸代理,14,0,0,3182.5,-0.12103581428527832,direct_multihead
啤酒,6,0,0,4197.5,-0.7713223099708557,direct_multihead
园区开发,12,0,0,3706.0,-0.37212684750556946,direct_multihead
塑料,64,2,4,1512.0,0.5218833684921265,direct_multihead
多元金融,22,0,0,3376.5,-0.2795056700706482,direct_multihead
家居用品,62,0,0,2385.0,-0.0298475194722414,direct_multihead
家用电器,79,1,1,2381.0,-0.057455021888017654,direct_multihead
小金属,57,1,2,2334.0,0.08460164815187454,direct_multihead
工程机械,32,0,0,2820.5,-0.19388584792613983,direct_multihead
广告包装,48,1,1,3100.0,-0.3584854304790497,direct_multihead
建筑工程,106,2,3,2878.5,-0.06195699796080589,direct_multihead
影视音像,32,0,1,2871.5,-0.11713407933712006,direct_multihead
房产服务,11,0,0,2830.0,-0.08688846230506897,direct_multihead
批发业,5,0,0,3003.0,-0.4287043511867523,direct_multihead
摩托车,11,0,0,2801.0,-0.2867221236228943,direct_multihead
文教休闲,46,0,0,3075.0,-0.21468453109264374,direct_multihead
新型电力,30,0,0,1829.5,0.2170659750699997,direct_multihead
旅游景点,17,0,0,3216.0,-0.33373093605041504,direct_multihead
旅游服务,7,0,0,3170.0,-0.39497146010398865,direct_multihead
日用化工,18,0,0,2727.0,-0.2187243551015854,direct_multihead
普钢,25,0,0,2993.0,-0.48502403497695923,direct_multihead
服饰,56,0,0,2628.0,-0.14104695618152618,direct_multihead
机场,5,0,0,4186.0,-0.9511011242866516,direct_multihead
机床制造,21,0,0,1162.0,0.5652077794075012,direct_multihead
机械基件,112,0,0,1809.0,0.29876551032066345,direct_multihead
林业,3,0,0,2469.0,-0.3876674175262451,direct_multihead
染料涂料,32,0,1,1865.0,0.3622221350669861,direct_multihead
橡胶,12,0,0,2369.0,-0.015619073994457722,direct_multihead
水力发电,22,0,1,1183.0,0.6140350699424744,direct_multihead
水务,14,0,0,2225.0,-0.09691792726516724,direct_multihead
水泥,22,0,0,2916.0,-0.309786319732666,direct_multihead
水运,18,0,0,3674.5,-0.767400860786438,direct_multihead
汽车整车,22,0,0,4124.0,-0.7995635867118835,direct_multihead
汽车服务,8,0,0,3582.5,-0.363078236579895,direct_multihead
汽车配件,231,0,5,2618.0,-0.051183246076107025,direct_multihead
渔业,7,0,0,2751.0,0.022715594619512558,direct_multihead
港口,16,0,0,4011.5,-0.5332136154174805,direct_multihead
火力发电,31,0,1,1197.0,0.7559076547622681,direct_multihead
焦炭加工,7,0,0,1043.0,0.6826006770133972,direct_multihead
煤炭开采,25,0,6,752.0,0.9883212447166443,direct_multihead
特种钢,10,0,0,3773.0,-0.4413270354270935,direct_multihead
环境保护,109,1,2,2395.0,0.058964747935533524,direct_multihead
玻璃,19,0,0,1808.0,0.19368776679039001,direct_multihead
生物制药,72,0,0,3465.5,-0.5170170068740845,direct_multihead
电信运营,5,0,0,2154.0,0.15952707827091217,direct_multihead
电器仪表,85,0,1,1742.0,0.2742868661880493,direct_multihead
电器连锁,1,0,0,4706.0,-1.1986891031265259,direct_multihead
电气设备,306,0,5,2032.5,0.1030067428946495,direct_multihead
白酒,19,0,0,2664.0,-0.03992500528693199,direct_multihead
百货,34,2,2,2828.0,-0.11054778099060059,direct_multihead
石油加工,12,0,0,2374.5,-0.005006550345569849,direct_multihead
石油开采,17,0,0,3389.0,-0.3771268129348755,direct_multihead
石油贸易,4,0,0,1903.0,0.33049601316452026,direct_multihead
矿物制品,31,0,3,1497.0,0.6352346539497375,direct_multihead
种植业,17,0,0,2295.0,0.042027320712804794,direct_multihead
空运,8,0,0,3510.5,-0.476533979177475,direct_multihead
红黄酒,6,0,1,4153.0,0.037817079573869705,direct_multihead
纺织,39,0,0,3499.0,-0.3725752830505371,direct_multihead
纺织机械,10,0,0,1535.0,0.294994980096817,direct_multihead
综合类,16,0,0,2190.0,-0.09939967095851898,direct_multihead
航空,50,0,1,2838.5,-0.13505473732948303,direct_multihead
船舶,11,0,0,2425.0,-0.126868337392807,direct_multihead
装修装饰,18,0,0,2261.5,0.037205763161182404,direct_multihead
证券,50,1,1,4028.0,-0.49813270568847656,direct_multihead
超市连锁,8,0,1,2361.0,0.1915430873632431,direct_multihead
路桥,19,0,0,3479.0,-0.3296889662742615,direct_multihead
软件服务,241,0,2,2435.0,0.014328655786812305,direct_multihead
软饮料,9,0,0,1673.0,0.2742947041988373,direct_multihead
轻工机械,6,0,0,3043.5,-0.466277152299881,direct_multihead
运输设备,44,0,0,2350.5,-0.06761787831783295,direct_multihead
通信设备,124,0,1,2035.0,0.18257421255111694,direct_multihead
造纸,32,0,0,3046.5,-0.19073443114757538,direct_multihead
酒店餐饮,8,0,0,3787.0,-0.7419521808624268,direct_multihead
钢加工,22,0,0,1903.0,0.002112448215484619,direct_multihead
铁路,7,0,0,3536.0,-0.6491950750350952,direct_multihead
铅锌,13,0,0,2770.0,0.012391922995448112,direct_multihead
铜,18,0,0,1390.0,0.48503050208091736,direct_multihead
铝,29,0,0,3084.0,-0.3533293306827545,direct_multihead
银行,42,0,0,4351.0,-0.9000297784805298,direct_multihead
陶瓷,5,0,0,1203.0,0.6981948018074036,direct_multihead
食品,79,0,1,3341.0,-0.344866007566452,direct_multihead
饲料,21,0,0,3447.0,-0.4733094573020935,direct_multihead
黄金,10,0,0,3386.5,-0.5429459810256958,direct_multihead
IT设备,68,0,0,2901.5,-0.18261973184935096,strict_s5_soft
专用机械,250,2,7,1856.5,0.17333853200273613,strict_s5_soft
中成药,60,0,1,3658.5,-0.4601262905123606,strict_s5_soft
乳制品,19,0,1,2900.0,-0.26650379796158163,strict_s5_soft
互联网,75,1,1,3161.0,-0.22941198462882706,strict_s5_soft
仓储物流,43,0,0,2728.0,-0.32365048811459046,strict_s5_soft
供气供热,43,0,0,2025.0,0.21187986241506193,strict_s5_soft
保险,5,0,0,4537.0,-0.972983623938392,strict_s5_soft
元器件,276,3,11,1052.5,0.6469182057176355,strict_s5_soft
全国地产,24,0,1,2842.0,-0.21307662759482093,strict_s5_soft
公共交通,7,0,0,2783.0,-0.3155782105467636,strict_s5_soft
公路,2,0,0,2870.5,-0.237579201471811,strict_s5_soft
其他商业,11,0,0,2220.0,-0.04137647728231106,strict_s5_soft
其他建材,27,0,1,2580.0,-0.18175933505678882,strict_s5_soft
农业综合,37,0,0,3915.0,-0.6008501519059143,strict_s5_soft
农用机械,10,0,0,2907.5,-0.5082909205498599,strict_s5_soft
农药化肥,52,0,0,3718.5,-0.6884176390406473,strict_s5_soft
出版业,28,0,0,3544.0,-0.5494344535330785,strict_s5_soft
化学制药,135,0,0,3682.0,-0.5665578034911889,strict_s5_soft
化工原料,231,4,5,2337.0,0.0250878189054563,strict_s5_soft
化工机械,12,0,0,3113.0,-0.493158826491573,strict_s5_soft
化纤,31,0,0,3480.0,-0.44631352622483317,strict_s5_soft
区域地产,38,0,0,2701.0,-0.12287052800061887,strict_s5_soft
医疗保健,164,0,1,3258.5,-0.40164892994377155,strict_s5_soft
医药商业,35,0,0,3640.0,-0.5679107108269708,strict_s5_soft
半导体,186,3,8,857.5,0.8819049746993617,strict_s5_soft
商品城,4,0,0,3256.5,-0.23552881399871262,strict_s5_soft
商贸代理,14,0,0,3029.0,-0.2106157297210162,strict_s5_soft
啤酒,6,0,0,3851.0,-0.7181070445112865,strict_s5_soft
园区开发,12,0,0,3165.0,-0.44457320534178657,strict_s5_soft
塑料,64,1,3,1621.5,0.44793224287210437,strict_s5_soft
多元金融,22,0,0,3296.0,-0.4016329619627237,strict_s5_soft
家居用品,62,0,0,2567.5,-0.12066154225953216,strict_s5_soft
家用电器,79,0,2,2379.0,-0.1246676795142298,strict_s5_soft
小金属,57,0,1,2264.0,0.032157289950108886,strict_s5_soft
工程机械,32,0,0,2774.0,-0.21353438882665754,strict_s5_soft
广告包装,48,1,1,3308.5,-0.44373090577206814,strict_s5_soft
建筑工程,106,1,2,2852.5,-0.15839262686339492,strict_s5_soft
影视音像,32,0,1,3060.5,-0.17391084281798064,strict_s5_soft
房产服务,11,0,0,2478.0,-0.1676818000883232,strict_s5_soft
批发业,5,0,0,3345.0,-0.5748109032900599,strict_s5_soft
摩托车,11,0,0,3087.0,-0.3674098628829379,strict_s5_soft
文教休闲,46,0,1,2951.5,-0.3198512239501362,strict_s5_soft
新型电力,30,0,0,1505.0,0.22067291962157434,strict_s5_soft
旅游景点,17,0,0,3550.0,-0.4746492518887772,strict_s5_soft
旅游服务,7,0,0,3326.0,-0.5388888054074761,strict_s5_soft
日用化工,18,0,0,3074.5,-0.31155517769982627,strict_s5_soft
普钢,25,0,0,3022.0,-0.6088116226218319,strict_s5_soft
服饰,56,0,1,2716.5,-0.20610515828681195,strict_s5_soft
机场,5,0,0,4095.0,-0.867274242843313,strict_s5_soft
机床制造,21,0,0,1078.0,0.4923074890421373,strict_s5_soft
机械基件,112,0,1,1796.0,0.24222902565362506,strict_s5_soft
林业,3,0,0,2698.0,-0.3925398616316588,strict_s5_soft
染料涂料,32,0,1,1928.0,0.2554701090645876,strict_s5_soft
橡胶,12,0,0,2310.0,-0.10550688048556962,strict_s5_soft
水力发电,22,0,1,1092.5,0.5782281934133593,strict_s5_soft
水务,14,0,0,2666.5,-0.27503002988514486,strict_s5_soft
水泥,22,0,0,3251.5,-0.40668248076729774,strict_s5_soft
水运,18,0,0,3308.5,-0.6555951506097295,strict_s5_soft
汽车整车,22,0,0,3876.0,-0.7949176878185185,strict_s5_soft
汽车服务,8,0,0,3530.0,-0.46449520790196797,strict_s5_soft
汽车配件,231,0,2,2631.0,-0.09960396037503588,strict_s5_soft
渔业,7,0,0,2155.0,-0.09135040764755595,strict_s5_soft
港口,16,0,0,3604.0,-0.45332910838064394,strict_s5_soft
火力发电,31,0,1,1208.0,0.7541287998779928,strict_s5_soft
焦炭加工,7,0,0,1058.0,0.6912885778089438,strict_s5_soft
煤炭开采,25,1,5,751.0,1.0218016445128884,strict_s5_soft
特种钢,10,0,0,4105.0,-0.5304331489851855,strict_s5_soft
环境保护,109,0,2,2240.0,-0.02490900529522816,strict_s5_soft
玻璃,19,0,0,1450.0,0.32583729973935555,strict_s5_soft
生物制药,72,0,0,3283.0,-0.5216826588775987,strict_s5_soft
电信运营,5,0,0,2126.0,0.11035498307575489,strict_s5_soft
电器仪表,85,0,1,1598.0,0.2340559300394454,strict_s5_soft
电器连锁,1,0,0,4779.0,-1.2236252477805065,strict_s5_soft
电气设备,306,0,6,2132.0,0.05011643305464634,strict_s5_soft
白酒,19,0,0,2825.0,-0.18317001203742447,strict_s5_soft
百货,34,1,2,3115.5,-0.3249646773251431,strict_s5_soft
石油加工,12,0,0,2172.0,-0.17366415872114674,strict_s5_soft
石油开采,17,0,0,2793.0,-0.44310802412003314,strict_s5_soft
石油贸易,4,0,0,2144.5,0.08662891826871369,strict_s5_soft
矿物制品,31,1,2,1498.0,0.5483934036762118,strict_s5_soft
种植业,17,0,0,2086.0,-0.24578042553003274,strict_s5_soft
空运,8,0,0,2497.0,-0.29564027935754233,strict_s5_soft
红黄酒,6,0,1,4477.5,-0.1422740823469427,strict_s5_soft
纺织,39,0,0,3562.0,-0.4517742587361904,strict_s5_soft
纺织机械,10,0,0,1815.0,0.15068834017749894,strict_s5_soft
综合类,16,0,0,2322.0,-0.19642028599914205,strict_s5_soft
航空,50,0,1,2727.5,-0.22157869836171387,strict_s5_soft
船舶,11,0,0,2394.0,-0.196055693312562,strict_s5_soft
装修装饰,18,0,1,2105.5,0.0131027846820209,strict_s5_soft
证券,50,1,1,3523.0,-0.4545868116262926,strict_s5_soft
超市连锁,8,0,0,2632.5,-0.012114092951127982,strict_s5_soft
路桥,19,0,0,2217.0,-0.24053577508676222,strict_s5_soft
软件服务,241,0,3,2541.0,-0.14108427131977597,strict_s5_soft
软饮料,9,0,0,1216.0,0.2876069717396912,strict_s5_soft
轻工机械,6,0,0,2864.0,-0.4487114857296582,strict_s5_soft
运输设备,44,0,0,2612.5,-0.1651051353033113,strict_s5_soft
通信设备,124,0,0,1854.0,0.12670655163859196,strict_s5_soft
造纸,32,0,0,3502.0,-0.3586930776562596,strict_s5_soft
酒店餐饮,8,0,0,3999.5,-0.8593653135111821,strict_s5_soft
钢加工,22,0,0,2090.5,-0.049690674107661696,strict_s5_soft
铁路,7,0,0,3434.0,-0.5824500827480571,strict_s5_soft
铅锌,13,0,0,2591.0,-0.15128882862012138,strict_s5_soft
铜,18,0,0,1391.5,0.3891368860734507,strict_s5_soft
铝,29,0,0,3196.0,-0.3477008954885091,strict_s5_soft
银行,42,0,0,3479.0,-0.6400978534147208,strict_s5_soft
陶瓷,5,0,0,1086.0,0.64226844689974,strict_s5_soft
食品,79,0,0,3168.0,-0.434660870517893,strict_s5_soft
饲料,21,0,0,3406.0,-0.554856790221165,strict_s5_soft
黄金,10,0,0,3442.5,-0.670766909215753,strict_s5_soft
IT设备,68,0,0,2961.5,-0.13703138699285813,strict_theme_s2
专用机械,250,4,8,1881.0,0.28881259350248967,strict_theme_s2
中成药,60,0,1,3480.5,-0.36664186377305963,strict_theme_s2
乳制品,19,0,1,2920.0,-0.19925101057427147,strict_theme_s2
互联网,75,1,1,3264.0,-0.21448729906837427,strict_theme_s2
仓储物流,43,0,0,2711.0,-0.2627555192903895,strict_theme_s2
供气供热,43,0,0,2039.0,0.2947797568217449,strict_theme_s2
保险,5,0,0,4425.0,-0.8853119749908338,strict_theme_s2
元器件,276,3,14,984.0,0.8520719665491618,strict_theme_s2
全国地产,24,0,1,2830.0,-0.1423446930269806,strict_theme_s2
公共交通,7,0,0,2805.0,-0.2706800834918706,strict_theme_s2
公路,2,0,0,2841.5,-0.09659038637548745,strict_theme_s2
其他商业,11,0,0,2279.0,0.005205527229691017,strict_theme_s2
其他建材,27,0,1,2662.0,-0.11276592521431235,strict_theme_s2
农业综合,37,0,0,3702.0,-0.5771788570279993,strict_theme_s2
农用机械,10,0,0,2919.5,-0.4864975013995433,strict_theme_s2
农药化肥,52,0,0,3754.0,-0.7025968910821875,strict_theme_s2
出版业,28,0,0,3379.0,-0.47727458928799954,strict_theme_s2
化学制药,135,0,0,3689.0,-0.5149324901437812,strict_theme_s2
化工原料,231,3,6,2340.0,0.12017040746004633,strict_theme_s2
化工机械,12,0,0,3486.5,-0.512918957398928,strict_theme_s2
化纤,31,0,0,3596.0,-0.4003248380699831,strict_theme_s2
区域地产,38,0,0,2886.5,-0.05075414314231461,strict_theme_s2
医疗保健,164,1,1,3231.0,-0.34830720731145315,strict_theme_s2
医药商业,35,0,0,3323.0,-0.4994383923127186,strict_theme_s2
半导体,186,2,11,749.5,1.1336428627875619,strict_theme_s2
商品城,4,0,0,3136.5,-0.22764647883866068,strict_theme_s2
商贸代理,14,0,0,2992.0,-0.18084052483967114,strict_theme_s2
啤酒,6,0,0,3341.0,-0.5697000724797703,strict_theme_s2
园区开发,12,0,0,2778.0,-0.3720088563282768,strict_theme_s2
塑料,64,0,2,1449.5,0.5714061888662363,strict_theme_s2
多元金融,22,0,0,2957.0,-0.36906734324978746,strict_theme_s2
家居用品,62,0,0,2630.0,-0.0755552687741759,strict_theme_s2
家用电器,79,0,1,2405.0,-0.05736351138575526,strict_theme_s2
小金属,57,0,1,2249.0,0.12433543314881738,strict_theme_s2
工程机械,32,0,0,2806.5,-0.16797130956187697,strict_theme_s2
广告包装,48,1,1,3308.0,-0.38355902550301857,strict_theme_s2
建筑工程,106,1,3,2860.0,-0.09721067330023123,strict_theme_s2
影视音像,32,0,1,2911.5,-0.10316237881652057,strict_theme_s2
房产服务,11,0,0,2514.0,-0.12621602406898044,strict_theme_s2
批发业,5,0,0,3385.0,-0.5255294070370381,strict_theme_s2
摩托车,11,0,0,3162.0,-0.3207892849964466,strict_theme_s2
文教休闲,46,0,1,3129.5,-0.26586886589523867,strict_theme_s2
新型电力,30,0,0,1422.0,0.3665258575983782,strict_theme_s2
旅游景点,17,0,0,3612.0,-0.3768393480748776,strict_theme_s2
旅游服务,7,0,0,3119.0,-0.4891722896611222,strict_theme_s2
日用化工,18,0,0,3043.0,-0.2591979131443631,strict_theme_s2
普钢,25,0,0,3178.0,-0.5855534185893265,strict_theme_s2
服饰,56,0,1,2686.5,-0.13158554582513002,strict_theme_s2
机场,5,0,0,4088.0,-0.7440517030860768,strict_theme_s2
机床制造,21,0,0,1143.0,0.5447399722951386,strict_theme_s2
机械基件,112,0,0,1818.0,0.32261359200901557,strict_theme_s2
林业,3,0,0,3020.0,-0.4597550156077403,strict_theme_s2
染料涂料,32,0,0,1935.0,0.31640411072656605,strict_theme_s2
橡胶,12,0,0,2455.0,-0.07480167229922442,strict_theme_s2
水力发电,22,0,0,1082.5,0.7332116145276054,strict_theme_s2
水务,14,0,0,2678.5,-0.1800303416684193,strict_theme_s2
水泥,22,0,0,3326.5,-0.32462413514616884,strict_theme_s2
水运,18,0,0,3140.5,-0.551938391837705,strict_theme_s2
汽车整车,22,0,0,3922.0,-0.7334425836956739,strict_theme_s2
汽车服务,8,0,0,3438.5,-0.38022429624452786,strict_theme_s2
汽车配件,231,0,1,2437.0,-0.03598387576849107,strict_theme_s2
渔业,7,0,0,2188.0,-0.12897499482811484,strict_theme_s2
港口,16,0,0,3414.5,-0.3015458905853514,strict_theme_s2
火力发电,31,0,0,975.0,1.0917522824433137,strict_theme_s2
焦炭加工,7,0,0,1113.0,0.7240117897806382,strict_theme_s2
煤炭开采,25,0,5,634.0,1.241371641269038,strict_theme_s2
特种钢,10,0,0,4126.5,-0.5275521918141789,strict_theme_s2
环境保护,109,0,1,2254.0,0.029539773734788968,strict_theme_s2
玻璃,19,0,0,1501.0,0.5007188265295823,strict_theme_s2
生物制药,72,0,0,3111.5,-0.4532985606430422,strict_theme_s2
电信运营,5,0,0,1750.0,0.27910560217773445,strict_theme_s2
电器仪表,85,0,2,1673.0,0.3293589294354749,strict_theme_s2
电器连锁,1,0,0,4777.0,-1.1655049418352144,strict_theme_s2
电气设备,306,1,7,2201.0,0.1289684115622517,strict_theme_s2
白酒,19,0,0,2802.0,-0.10901127862255311,strict_theme_s2
百货,34,1,2,3248.5,-0.2747980295773367,strict_theme_s2
石油加工,12,0,0,2142.5,-0.13945677657402394,strict_theme_s2
石油开采,17,0,0,2594.0,-0.39517867021938885,strict_theme_s2
石油贸易,4,0,0,2260.0,0.08529131725178929,strict_theme_s2
矿物制品,31,1,2,1593.0,0.7100787159922669,strict_theme_s2
种植业,17,0,0,2250.0,-0.2801696228209605,strict_theme_s2
空运,8,0,0,2390.5,-0.23709819559646766,strict_theme_s2
红黄酒,6,0,1,4283.0,0.006664060757073005,strict_theme_s2
纺织,39,0,0,3445.0,-0.4258405786548102,strict_theme_s2
纺织机械,10,0,0,1814.5,0.22781663532500446,strict_theme_s2
综合类,16,0,0,2276.0,-0.15991462795901923,strict_theme_s2
航空,50,0,0,2752.5,-0.21276615949208577,strict_theme_s2
船舶,11,0,0,2556.0,-0.2052171121286481,strict_theme_s2
装修装饰,18,0,0,2074.5,0.03786702398499378,strict_theme_s2
证券,50,1,1,3393.0,-0.3454410222801879,strict_theme_s2
超市连锁,8,0,0,2504.5,0.057989153380200234,strict_theme_s2
路桥,19,0,0,1849.0,-0.03504511032756999,strict_theme_s2
软件服务,241,0,2,2621.0,-0.13604359935659163,strict_theme_s2
软饮料,9,0,0,1358.0,0.44766500383309743,strict_theme_s2
轻工机械,6,0,0,2643.5,-0.4493331187676462,strict_theme_s2
运输设备,44,0,0,2608.5,-0.14173181298705229,strict_theme_s2
通信设备,124,0,0,1880.0,0.2331102725322934,strict_theme_s2
造纸,32,0,0,3410.5,-0.30580898405895024,strict_theme_s2
酒店餐饮,8,0,0,3901.5,-0.8099723085055816,strict_theme_s2
钢加工,22,0,0,1960.0,-0.011531336381270563,strict_theme_s2
铁路,7,0,0,2895.0,-0.43827216695606147,strict_theme_s2
铅锌,13,0,0,2392.0,-0.13144272062755996,strict_theme_s2
铜,18,0,0,1407.5,0.5020343099989629,strict_theme_s2
铝,29,0,0,2982.0,-0.21034001521222756,strict_theme_s2
银行,42,0,0,3017.5,-0.4124065519154243,strict_theme_s2
陶瓷,5,0,0,1086.0,0.7937068918147514,strict_theme_s2
食品,79,0,0,3130.0,-0.38336605447240474,strict_theme_s2
饲料,21,0,0,3609.0,-0.5256335007952788,strict_theme_s2
黄金,10,0,0,3752.5,-0.711624383641181,strict_theme_s2
IT设备,68,0,0,1775.5,-1000000000.0264707,strict_theme_s5_rerank
专用机械,250,3,6,2393.0,-931999999.9048036,strict_theme_s5_rerank
中成药,60,0,2,2607.0,-966666666.6757047,strict_theme_s5_rerank
乳制品,19,0,1,2742.0,-947368421.0136843,strict_theme_s5_rerank
互联网,75,1,1,1630.0,-986666666.691997,strict_theme_s5_rerank
仓储物流,43,0,0,2641.0,-1000000000.1116279,strict_theme_s5_rerank
供气供热,43,0,0,3755.0,-1000000000.2511629,strict_theme_s5_rerank
保险,5,0,0,3148.0,-1000000000.0,strict_theme_s5_rerank
元器件,276,4,14,1961.5,-815217391.010663,strict_theme_s5_rerank
全国地产,24,0,0,2616.0,-958333333.321961,strict_theme_s5_rerank
公共交通,7,0,0,2874.0,-1000000000.0857143,strict_theme_s5_rerank
公路,2,0,0,3481.0,-1000000000.0,strict_theme_s5_rerank
其他商业,11,0,0,1167.0,-1000000000.0545455,strict_theme_s5_rerank
其他建材,27,0,1,871.0,-925925925.8851235,strict_theme_s5_rerank
农业综合,37,0,0,1528.0,-1000000000.081081,strict_theme_s5_rerank
农用机械,10,0,0,1677.5,-1000000000.0600001,strict_theme_s5_rerank
农药化肥,52,0,0,1564.5,-1000000000.0576923,strict_theme_s5_rerank
出版业,28,0,0,3147.0,-1000000000.1071428,strict_theme_s5_rerank
化学制药,135,0,0,2274.0,-992592592.6148905,strict_theme_s5_rerank
化工原料,231,3,6,2303.0,-969696969.6745969,strict_theme_s5_rerank
化工机械,12,0,0,966.0,-1000000000.1,strict_theme_s5_rerank
化纤,31,0,0,1912.0,-967741935.4726633,strict_theme_s5_rerank
区域地产,38,0,0,2689.0,-1000000000.0631579,strict_theme_s5_rerank
医疗保健,164,0,0,2818.0,-1000000000.0256099,strict_theme_s5_rerank
医药商业,35,0,0,2806.0,-1000000000.1028571,strict_theme_s5_rerank
半导体,186,4,8,3924.0,-951612903.1100031,strict_theme_s5_rerank
商品城,4,0,0,2847.0,-1000000000.15,strict_theme_s5_rerank
商贸代理,14,0,0,2617.5,-1000000000.0,strict_theme_s5_rerank
啤酒,6,0,0,4435.0,-1000000000.4,strict_theme_s5_rerank
园区开发,12,0,0,2881.0,-1000000000.1,strict_theme_s5_rerank
塑料,64,1,2,1722.5,-921874999.8775079,strict_theme_s5_rerank
多元金融,22,0,0,2757.0,-1000000000.0545455,strict_theme_s5_rerank
家居用品,62,0,0,2372.5,-983870967.7530985,strict_theme_s5_rerank
家用电器,79,0,0,2110.0,-974683544.3226452,strict_theme_s5_rerank
小金属,57,0,2,1567.0,-912280701.6544546,strict_theme_s5_rerank
工程机械,32,0,0,1831.0,-937499999.913316,strict_theme_s5_rerank
广告包装,48,1,1,1249.0,-958333333.285203,strict_theme_s5_rerank
建筑工程,106,1,4,2419.5,-962264150.9068018,strict_theme_s5_rerank
影视音像,32,0,1,1674.0,-968749999.9417374,strict_theme_s5_rerank
房产服务,11,0,0,1280.0,-1000000000.0545455,strict_theme_s5_rerank
批发业,5,0,0,1125.0,-1000000000.1200001,strict_theme_s5_rerank
摩托车,11,0,0,3197.0,-1000000000.0,strict_theme_s5_rerank
文教休闲,46,0,1,1891.5,-956521739.1247469,strict_theme_s5_rerank
新型电力,30,0,0,3062.0,-1000000000.1800001,strict_theme_s5_rerank
旅游景点,17,0,0,3388.0,-1000000000.2470589,strict_theme_s5_rerank
旅游服务,7,0,0,3221.0,-1000000000.2571429,strict_theme_s5_rerank
日用化工,18,0,0,2512.5,-1000000000.0666667,strict_theme_s5_rerank
普钢,25,0,0,2531.0,-1000000000.048,strict_theme_s5_rerank
服饰,56,0,0,2211.5,-1000000000.0857143,strict_theme_s5_rerank
机场,5,0,0,2790.0,-1000000000.1200001,strict_theme_s5_rerank
机床制造,21,0,0,1451.0,-952380952.3163843,strict_theme_s5_rerank
机械基件,112,0,1,2221.0,-991071428.5611303,strict_theme_s5_rerank
林业,3,0,0,318.0,-1000000000.0,strict_theme_s5_rerank
染料涂料,32,0,0,2195.0,-937499999.9180987,strict_theme_s5_rerank
橡胶,12,0,0,2118.5,-1000000000.1,strict_theme_s5_rerank
水力发电,22,0,1,4419.5,-954545454.7983024,strict_theme_s5_rerank
水务,14,0,0,3125.0,-1000000000.2571429,strict_theme_s5_rerank
水泥,22,0,0,2715.0,-954545454.5873704,strict_theme_s5_rerank
水运,18,0,0,3093.0,-1000000000.0666667,strict_theme_s5_rerank
汽车整车,22,0,0,2570.5,-1000000000.0545455,strict_theme_s5_rerank
汽车服务,8,0,0,2928.5,-1000000000.15,strict_theme_s5_rerank
汽车配件,231,0,5,2454.0,-974025974.0121585,strict_theme_s5_rerank
渔业,7,0,0,2567.0,-1000000000.0857143,strict_theme_s5_rerank
港口,16,0,0,3182.0,-1000000000.2625,strict_theme_s5_rerank
火力发电,31,0,1,4382.0,-903225806.5969706,strict_theme_s5_rerank
焦炭加工,7,0,0,2962.0,-1000000000.0,strict_theme_s5_rerank
煤炭开采,25,1,5,2726.0,-719999999.3810287,strict_theme_s5_rerank
特种钢,10,0,0,2755.5,-1000000000.1200001,strict_theme_s5_rerank
环境保护,109,0,1,2311.0,-981651376.1957651,strict_theme_s5_rerank
玻璃,19,0,0,2671.0,-894736841.9926915,strict_theme_s5_rerank
生物制药,72,0,0,3925.5,-1000000000.0583333,strict_theme_s5_rerank
电信运营,5,0,0,3043.0,-1000000000.0,strict_theme_s5_rerank
电器仪表,85,0,1,2050.0,-952941176.4317062,strict_theme_s5_rerank
电器连锁,1,0,0,885.0,-1000000000.0,strict_theme_s5_rerank
电气设备,306,0,5,2427.0,-980392156.867623,strict_theme_s5_rerank
白酒,19,0,0,2973.0,-1000000000.1894736,strict_theme_s5_rerank
百货,34,0,1,2979.5,-941176470.5857525,strict_theme_s5_rerank
石油加工,12,0,0,2657.5,-1000000000.1999999,strict_theme_s5_rerank
石油开采,17,0,0,3053.0,-1000000000.1411765,strict_theme_s5_rerank
石油贸易,4,0,0,243.0,-1000000000.0,strict_theme_s5_rerank
矿物制品,31,1,4,1963.0,-838709677.116418,strict_theme_s5_rerank
种植业,17,0,0,2682.0,-1000000000.1764706,strict_theme_s5_rerank
空运,8,0,0,2607.5,-1000000000.0,strict_theme_s5_rerank
红黄酒,6,0,1,3010.0,-833333333.105663,strict_theme_s5_rerank
纺织,39,0,0,2157.0,-1000000000.0615385,strict_theme_s5_rerank
纺织机械,10,0,0,2724.0,-899999999.8514534,strict_theme_s5_rerank
综合类,16,0,0,2724.0,-1000000000.0375,strict_theme_s5_rerank
航空,50,0,0,2528.5,-1000000000.036,strict_theme_s5_rerank
船舶,11,0,0,2593.0,-1000000000.0,strict_theme_s5_rerank
装修装饰,18,0,0,2931.0,-1000000000.0666667,strict_theme_s5_rerank
证券,50,0,1,3022.0,-980000000.0167801,strict_theme_s5_rerank
超市连锁,8,0,0,3697.5,-1000000000.225,strict_theme_s5_rerank
路桥,19,0,0,3127.0,-1000000000.2526315,strict_theme_s5_rerank
软件服务,241,0,1,2174.0,-991701244.8569767,strict_theme_s5_rerank
软饮料,9,0,0,3353.0,-1000000000.0666667,strict_theme_s5_rerank
轻工机械,6,0,0,967.0,-1000000000.0,strict_theme_s5_rerank
运输设备,44,0,0,2896.5,-1000000000.0818181,strict_theme_s5_rerank
通信设备,124,0,1,2059.0,-935483870.951308,strict_theme_s5_rerank
造纸,32,0,0,2693.0,-1000000000.01875,strict_theme_s5_rerank
酒店餐饮,8,0,0,2409.0,-1000000000.0,strict_theme_s5_rerank
钢加工,22,0,0,2384.0,-1000000000.0818181,strict_theme_s5_rerank
铁路,7,0,0,3077.0,-1000000000.2571429,strict_theme_s5_rerank
铅锌,13,0,0,2698.0,-1000000000.1846154,strict_theme_s5_rerank
铜,18,0,0,4034.0,-1000000000.2666667,strict_theme_s5_rerank
铝,29,0,0,3186.0,-1000000000.1862069,strict_theme_s5_rerank
银行,42,0,0,4456.0,-1000000000.3285716,strict_theme_s5_rerank
陶瓷,5,0,1,1247.0,-799999999.5445075,strict_theme_s5_rerank
食品,79,0,0,3039.0,-1000000000.113924,strict_theme_s5_rerank
饲料,21,0,0,2431.0,-1000000000.0857142,strict_theme_s5_rerank
黄金,10,0,0,1093.5,-1000000000.0600001,strict_theme_s5_rerank
