run,r_value,epoch,checkpoint,window,window_start,window_end,start_date,end_date,day_count,top_n,daily_replace_k,score_variant,score_weight_y,score_weight_return,score_weight_direction,score_weight_cap,cap_min_pct,cap_bonus,exclude_st,exclude_bj,period_return,period_excess_equal,market_equal_period_return,sharpe,max_drawdown,turnover_mean,rolling_return_mean,rolling_excess_equal_mean,rolling_return_median,rolling_win_rate,rolling_return_min,market_equal_rolling_mean,market_equal_rolling_win_rate,competition_score,recent_window_count,latest_window_return,recent_return_mean,recent_return_min,recent_win_rate
r020_top10_topk008,0.2,1,/data/jiaxuanLin/AItrader/data/experiments/msgca/20260601_r020_top10_strong_ablation/runs/r020_top10_topk008/checkpoints/msgca_epoch_1.pt,val2026_strict,2026-01-01,2026-05-20,2026-01-05,2026-05-20,88,10,3,weighted,0.25,1.5,0.5,0.75,0.0,0.0,True,True,-0.011844241211588558,-0.1308389540411784,0.11899471282958984,-0.05302368313506402,-0.11466207075094048,0.6045454545454544,-0.009011639284622033,-0.01891563307226682,-0.012894573882773597,0.31645569620253167,-0.055356209321343997,0.009903993787644784,0.6582278481012658,-0.038447395881135854,5,0.001610042451772431,-0.014169486075462178,-0.027024582351322546,0.2
r020_top10_topk008,0.2,2,/data/jiaxuanLin/AItrader/data/experiments/msgca/20260601_r020_top10_strong_ablation/runs/r020_top10_topk008/checkpoints/msgca_epoch_2.pt,val2026_strict,2026-01-01,2026-05-20,2026-01-05,2026-05-20,88,10,3,weighted,0.25,1.5,0.5,0.75,0.0,0.0,True,True,-0.030062173696096317,-0.14905688652568616,0.11899471282958984,-0.25362666889362045,-0.12792009913763014,0.6045454545454544,-0.008299904321956394,-0.01820389810960118,-0.006442263828376316,0.4430379746835443,-0.09185266557521954,0.009903993787644784,0.6582278481012658,-0.03531014842242169,5,-0.007373987746412514,0.0043407800507685446,-0.018398650178029663,0.6
r020_top10_topk008,0.2,3,/data/jiaxuanLin/AItrader/data/experiments/msgca/20260601_r020_top10_strong_ablation/runs/r020_top10_topk008/checkpoints/msgca_epoch_3.pt,val2026_strict,2026-01-01,2026-05-20,2026-01-05,2026-05-20,88,10,3,weighted,0.25,1.5,0.5,0.75,0.0,0.0,True,True,-0.09426170564286718,-0.21325641847245702,0.11899471282958984,-1.2038262698337068,-0.16044146160250072,0.6045454545454544,-0.009803662974196737,-0.01970765676184152,-0.00965413181859609,0.31645569620253167,-0.06613438434444197,0.009903993787644784,0.6582278481012658,-0.04331196646584703,5,0.010545169761399631,0.019393425815893005,-0.0071179304812628574,0.8
r020_top10_topk008,0.2,4,/data/jiaxuanLin/AItrader/data/experiments/msgca/20260601_r020_top10_strong_ablation/runs/r020_top10_topk008/checkpoints/msgca_epoch_4.pt,val2026_strict,2026-01-01,2026-05-20,2026-01-05,2026-05-20,88,10,3,weighted,0.25,1.5,0.5,0.75,0.0,0.0,True,True,0.03749841700395673,-0.08149629582563311,0.11899471282958984,0.5832837148132204,-0.0989268009269828,0.6045454545454544,-0.00028329672936949275,-0.010187290517014277,0.002411619593750469,0.5063291139240507,-0.07270784338038527,0.009903993787644784,0.6582278481012658,-0.021398082273302785,5,-0.031112083565576154,0.001199306809652545,-0.031112083565576154,0.6
r020_top10_topk008,0.2,5,/data/jiaxuanLin/AItrader/data/experiments/msgca/20260601_r020_top10_strong_ablation/runs/r020_top10_topk008/checkpoints/msgca_epoch_5.pt,val2026_strict,2026-01-01,2026-05-20,2026-01-05,2026-05-20,88,10,3,weighted,0.25,1.5,0.5,0.75,0.0,0.0,True,True,0.04642536537861308,-0.07256934745097676,0.11899471282958984,0.6658968142014632,-0.10100336232516016,0.6045454545454544,0.008028087104247374,-0.00187590668339741,-0.0006704160380666124,0.4810126582278481,-0.07738525438762822,0.009903993787644784,0.6582278481012658,-0.002760914877136403,5,-0.010555341232991289,0.055735435397617474,-0.010555341232991289,0.8
r020_top10_topk008,0.2,6,/data/jiaxuanLin/AItrader/data/experiments/msgca/20260601_r020_top10_strong_ablation/runs/r020_top10_topk008/checkpoints/msgca_epoch_6.pt,val2026_strict,2026-01-01,2026-05-20,2026-01-05,2026-05-20,88,10,3,weighted,0.25,1.5,0.5,0.75,0.0,0.0,True,True,0.016001718527394626,-0.10299299430219522,0.11899471282958984,0.3142267400053139,-0.11444651509541093,0.6045454545454544,0.009526195955959773,-0.0003777978316850117,-0.002085838243087279,0.45569620253164556,-0.07266920449660497,0.009903993787644784,0.6582278481012658,-0.015339490087023521,5,-0.018065777008875017,0.02068467316073752,-0.018065777008875017,0.6
r020_top10_topk008,0.2,7,/data/jiaxuanLin/AItrader/data/experiments/msgca/20260601_r020_top10_strong_ablation/runs/r020_top10_topk008/checkpoints/msgca_epoch_7.pt,val2026_strict,2026-01-01,2026-05-20,2026-01-05,2026-05-20,88,10,3,weighted,0.25,1.5,0.5,0.75,0.0,0.0,True,True,-0.037959956529247885,-0.15695466935883773,0.11899471282958984,-0.29803059165378576,-0.13674644301968053,0.6045454545454544,0.005884392773513483,-0.004019601014131301,0.0021207106479397275,0.5569620253164557,-0.08233867090238134,0.009903993787644784,0.6582278481012658,-0.024480417366095193,5,-0.050980412609055725,0.018586939326805108,-0.050980412609055725,0.6
r020_top10_topk008,0.2,8,/data/jiaxuanLin/AItrader/data/experiments/msgca/20260601_r020_top10_strong_ablation/runs/r020_top10_topk008/checkpoints/msgca_epoch_8.pt,val2026_strict,2026-01-01,2026-05-20,2026-01-05,2026-05-20,88,10,3,weighted,0.25,1.5,0.5,0.75,0.0,0.0,True,True,-0.006675586928559629,-0.12567029975814947,0.11899471282958984,0.13279083084697194,-0.13322994658267906,0.6045454545454544,0.015864774079290184,0.005960780291645399,0.020018172037537196,0.6582278481012658,-0.1024928037991314,0.009903993787644784,0.6582278481012658,0.0009342870937402523,5,-0.0012433908738299637,0.08031793896696986,-0.0012433908738299637,0.8
r020_top10_topk008,0.2,9,/data/jiaxuanLin/AItrader/data/experiments/msgca/20260601_r020_top10_strong_ablation/runs/r020_top10_topk008/checkpoints/msgca_epoch_9.pt,val2026_strict,2026-01-01,2026-05-20,2026-01-05,2026-05-20,88,10,3,weighted,0.25,1.5,0.5,0.75,0.0,0.0,True,True,0.004378411421764206,-0.11461630140782564,0.11899471282958984,0.21477507361884238,-0.20247196991484806,0.6045454545454544,0.009077091928419816,-0.0008269018592249686,-0.0022840228778453486,0.4936708860759494,-0.11221352342468316,0.009903993787644784,0.6582278481012658,-0.012063715884006477,5,-0.006089958074438351,0.07311631626164845,-0.006089958074438351,0.8
r020_top10_topk008,0.2,10,/data/jiaxuanLin/AItrader/data/experiments/msgca/20260601_r020_top10_strong_ablation/runs/r020_top10_topk008/checkpoints/msgca_epoch_10.pt,val2026_strict,2026-01-01,2026-05-20,2026-01-05,2026-05-20,88,10,3,weighted,0.25,1.5,0.5,0.75,0.0,0.0,True,True,-0.021977601504237443,-0.1409723143338273,0.11899471282958984,-0.011078896035375064,-0.20943638560148814,0.6045454545454544,0.0074528807677125735,-0.002451113019932211,-0.006297666238333943,0.4810126582278481,-0.09801058621278835,0.009903993787644784,0.6582278481012658,-0.01816875679185065,5,-0.011703906386609009,0.06610391774280847,-0.011703906386609009,0.8
r020_top10_topk008,0.2,11,/data/jiaxuanLin/AItrader/data/experiments/msgca/20260601_r020_top10_strong_ablation/runs/r020_top10_topk008/checkpoints/msgca_epoch_11.pt,val2026_strict,2026-01-01,2026-05-20,2026-01-05,2026-05-20,88,10,3,weighted,0.25,1.5,0.5,0.75,0.0,0.0,True,True,0.23937873309630486,0.12038402026671502,0.11899471282958984,1.6461259037378104,-0.15365525203476704,0.6045454545454544,0.022605261519610967,0.012701267731966183,0.016489134129597405,0.5949367088607594,-0.10246845198513688,0.009903993787644784,0.6582278481012658,0.03078785260625002,5,0.0175253142857974,0.09718316838881287,0.0175253142857974,1.0
r020_top10_topk008,0.2,12,/data/jiaxuanLin/AItrader/data/experiments/msgca/20260601_r020_top10_strong_ablation/runs/r020_top10_topk008/checkpoints/msgca_epoch_12.pt,val2026_strict,2026-01-01,2026-05-20,2026-01-05,2026-05-20,88,10,3,weighted,0.25,1.5,0.5,0.75,0.0,0.0,True,True,0.20760039150076337,0.08860567867117353,0.11899471282958984,2.3973467281729275,-0.08462583979552163,0.6045454545454544,0.020366076057724603,0.010462082270079819,0.021248221956783997,0.7215189873417721,-0.08017252065632652,0.009903993787644784,0.6582278481012658,0.02108407828371786,5,0.01308055926712215,0.04333055971811213,0.01308055926712215,1.0
r020_top10_topk008,0.2,13,/data/jiaxuanLin/AItrader/data/experiments/msgca/20260601_r020_top10_strong_ablation/runs/r020_top10_topk008/checkpoints/msgca_epoch_13.pt,val2026_strict,2026-01-01,2026-05-20,2026-01-05,2026-05-20,88,10,3,weighted,0.25,1.5,0.5,0.75,0.0,0.0,True,True,0.17606317597154653,0.05706846314195668,0.11899471282958984,1.8253389644036184,-0.12259041683919158,0.6045454545454544,0.021415411206791392,0.011511417419146608,0.027880273329371486,0.6962025316455697,-0.0930068410097078,0.009903993787644784,0.6582278481012658,0.014232436532191327,5,-0.010965244658650786,0.042428830641061885,-0.010965244658650786,0.8
r020_top10_topk008,0.2,14,/data/jiaxuanLin/AItrader/data/experiments/msgca/20260601_r020_top10_strong_ablation/runs/r020_top10_topk008/checkpoints/msgca_epoch_14.pt,val2026_strict,2026-01-01,2026-05-20,2026-01-05,2026-05-20,88,10,3,weighted,0.25,1.5,0.5,0.75,0.0,0.0,True,True,0.11419151255358839,-0.004803200276001451,0.11899471282958984,1.5923138034437267,-0.08110896870336182,0.6045454545454544,0.01649215633803875,0.006588162550393966,0.01463470304979042,0.6835443037974683,-0.08459445061779503,0.009903993787644784,0.6582278481012658,0.0021261051328202545,5,0.011599920035864297,0.0134970809816088,0.003292902832518152,1.0
r020_top10_topk008,0.2,1,/data/jiaxuanLin/AItrader/data/experiments/msgca/20260601_r020_top10_strong_ablation/runs/r020_top10_topk008/checkpoints/msgca_epoch_1.pt,hold2026_recent,2026-05-21,2026-05-31,2026-05-21,2026-05-28,6,10,3,weighted,0.25,1.5,0.5,0.75,0.0,0.0,True,True,-0.07092650303015446,-0.028858379212710616,-0.04206812381744385,-22.305666749947253,-0.05922632294822172,0.6666666666666666,,,,,,,,,0,,,,
r020_top10_topk008,0.2,2,/data/jiaxuanLin/AItrader/data/experiments/msgca/20260601_r020_top10_strong_ablation/runs/r020_top10_topk008/checkpoints/msgca_epoch_2.pt,hold2026_recent,2026-05-21,2026-05-31,2026-05-21,2026-05-28,6,10,3,weighted,0.25,1.5,0.5,0.75,0.0,0.0,True,True,0.001489842458287427,0.043557966275731275,-0.04206812381744385,0.6151500702309268,-0.009409508018257906,0.6666666666666666,,,,,,,,,0,,,,
r020_top10_topk008,0.2,3,/data/jiaxuanLin/AItrader/data/experiments/msgca/20260601_r020_top10_strong_ablation/runs/r020_top10_topk008/checkpoints/msgca_epoch_3.pt,hold2026_recent,2026-05-21,2026-05-31,2026-05-21,2026-05-28,6,10,3,weighted,0.25,1.5,0.5,0.75,0.0,0.0,True,True,0.005925957227020051,0.0479940810444639,-0.04206812381744385,1.419777195739364,-0.006052353503907315,0.6666666666666666,,,,,,,,,0,,,,
r020_top10_topk008,0.2,4,/data/jiaxuanLin/AItrader/data/experiments/msgca/20260601_r020_top10_strong_ablation/runs/r020_top10_topk008/checkpoints/msgca_epoch_4.pt,hold2026_recent,2026-05-21,2026-05-31,2026-05-21,2026-05-28,6,10,3,weighted,0.25,1.5,0.5,0.75,0.0,0.0,True,True,0.02354893390513202,0.06561705772257587,-0.04206812381744385,4.251791961427281,-0.006628305721581018,0.6666666666666666,,,,,,,,,0,,,,
r020_top10_topk008,0.2,5,/data/jiaxuanLin/AItrader/data/experiments/msgca/20260601_r020_top10_strong_ablation/runs/r020_top10_topk008/checkpoints/msgca_epoch_5.pt,hold2026_recent,2026-05-21,2026-05-31,2026-05-21,2026-05-28,6,10,3,weighted,0.25,1.5,0.5,0.75,0.0,0.0,True,True,0.010928495880652145,0.05299661969809599,-0.04206812381744385,2.0337543098826503,-0.013028884381983907,0.6666666666666666,,,,,,,,,0,,,,
r020_top10_topk008,0.2,6,/data/jiaxuanLin/AItrader/data/experiments/msgca/20260601_r020_top10_strong_ablation/runs/r020_top10_topk008/checkpoints/msgca_epoch_6.pt,hold2026_recent,2026-05-21,2026-05-31,2026-05-21,2026-05-28,6,10,3,weighted,0.25,1.5,0.5,0.75,0.0,0.0,True,True,0.01573344005414934,0.05780156387159319,-0.04206812381744385,2.4828416604144397,-0.012218536879420316,0.6666666666666666,,,,,,,,,0,,,,
r020_top10_topk008,0.2,7,/data/jiaxuanLin/AItrader/data/experiments/msgca/20260601_r020_top10_strong_ablation/runs/r020_top10_topk008/checkpoints/msgca_epoch_7.pt,hold2026_recent,2026-05-21,2026-05-31,2026-05-21,2026-05-28,6,10,3,weighted,0.25,1.5,0.5,0.75,0.0,0.0,True,True,0.019129285583804778,0.061197409401248626,-0.04206812381744385,3.303652011248517,-0.011877961527109182,0.6666666666666666,,,,,,,,,0,,,,
r020_top10_topk008,0.2,8,/data/jiaxuanLin/AItrader/data/experiments/msgca/20260601_r020_top10_strong_ablation/runs/r020_top10_topk008/checkpoints/msgca_epoch_8.pt,hold2026_recent,2026-05-21,2026-05-31,2026-05-21,2026-05-28,6,10,3,weighted,0.25,1.5,0.5,0.75,0.0,0.0,True,True,-0.0073559528965982945,0.03471217092084555,-0.04206812381744385,-0.7942781078588678,-0.010445789504349268,0.6666666666666666,,,,,,,,,0,,,,
r020_top10_topk008,0.2,9,/data/jiaxuanLin/AItrader/data/experiments/msgca/20260601_r020_top10_strong_ablation/runs/r020_top10_topk008/checkpoints/msgca_epoch_9.pt,hold2026_recent,2026-05-21,2026-05-31,2026-05-21,2026-05-28,6,10,3,weighted,0.25,1.5,0.5,0.75,0.0,0.0,True,True,-0.048092888526248045,-0.006024764708804198,-0.04206812381744385,-5.6985140528719676,-0.04448221640933192,0.6666666666666666,,,,,,,,,0,,,,
r020_top10_topk008,0.2,10,/data/jiaxuanLin/AItrader/data/experiments/msgca/20260601_r020_top10_strong_ablation/runs/r020_top10_topk008/checkpoints/msgca_epoch_10.pt,hold2026_recent,2026-05-21,2026-05-31,2026-05-21,2026-05-28,6,10,3,weighted,0.25,1.5,0.5,0.75,0.0,0.0,True,True,-0.03875193698163404,0.003316186835809809,-0.04206812381744385,-3.8881751281193444,-0.04815426879584295,0.6666666666666666,,,,,,,,,0,,,,
r020_top10_topk008,0.2,11,/data/jiaxuanLin/AItrader/data/experiments/msgca/20260601_r020_top10_strong_ablation/runs/r020_top10_topk008/checkpoints/msgca_epoch_11.pt,hold2026_recent,2026-05-21,2026-05-31,2026-05-21,2026-05-28,6,10,3,weighted,0.25,1.5,0.5,0.75,0.0,0.0,True,True,0.03691221681601653,0.07898034063346038,-0.04206812381744385,4.148065430293203,-0.0173486788529158,0.6666666666666666,,,,,,,,,0,,,,
r020_top10_topk008,0.2,12,/data/jiaxuanLin/AItrader/data/experiments/msgca/20260601_r020_top10_strong_ablation/runs/r020_top10_topk008/checkpoints/msgca_epoch_12.pt,hold2026_recent,2026-05-21,2026-05-31,2026-05-21,2026-05-28,6,10,3,weighted,0.25,1.5,0.5,0.75,0.0,0.0,True,True,-0.01981962277733007,0.022248501040113777,-0.04206812381744385,-3.089183034915084,-0.025414161486022824,0.6666666666666666,,,,,,,,,0,,,,
r020_top10_topk008,0.2,13,/data/jiaxuanLin/AItrader/data/experiments/msgca/20260601_r020_top10_strong_ablation/runs/r020_top10_topk008/checkpoints/msgca_epoch_13.pt,hold2026_recent,2026-05-21,2026-05-31,2026-05-21,2026-05-28,6,10,3,weighted,0.25,1.5,0.5,0.75,0.0,0.0,True,True,-0.013376650974773252,0.028691472842670596,-0.04206812381744385,-2.136163441381317,-0.028290519088544963,0.6666666666666666,,,,,,,,,0,,,,
r020_top10_topk008,0.2,14,/data/jiaxuanLin/AItrader/data/experiments/msgca/20260601_r020_top10_strong_ablation/runs/r020_top10_topk008/checkpoints/msgca_epoch_14.pt,hold2026_recent,2026-05-21,2026-05-31,2026-05-21,2026-05-28,6,10,3,weighted,0.25,1.5,0.5,0.75,0.0,0.0,True,True,-0.037264677157956894,0.004803446659486954,-0.04206812381744385,-7.898803389815561,-0.031938836000842796,0.6666666666666666,,,,,,,,,0,,,,
r020_top10_topk008,0.2,1,/data/jiaxuanLin/AItrader/data/experiments/msgca/20260601_r020_top10_strong_ablation/runs/r020_top10_topk008/checkpoints/msgca_epoch_1.pt,same_calendar_2025,2025-05-21,2025-05-31,2025-05-21,2025-05-30,8,10,3,weighted,0.25,1.5,0.5,0.75,0.0,0.0,True,True,-0.02413860227544007,-0.0019077983089178518,-0.022230803966522217,-6.782618389540844,-0.023278318745656112,0.6499999999999999,,,,,,,,,0,,,,
r020_top10_topk008,0.2,2,/data/jiaxuanLin/AItrader/data/experiments/msgca/20260601_r020_top10_strong_ablation/runs/r020_top10_topk008/checkpoints/msgca_epoch_2.pt,same_calendar_2025,2025-05-21,2025-05-31,2025-05-21,2025-05-30,8,10,3,weighted,0.25,1.5,0.5,0.75,0.0,0.0,True,True,-0.019812748738859742,0.0024180552276624745,-0.022230803966522217,-5.887697878213717,-0.026198482043614302,0.6499999999999999,,,,,,,,,0,,,,
r020_top10_topk008,0.2,3,/data/jiaxuanLin/AItrader/data/experiments/msgca/20260601_r020_top10_strong_ablation/runs/r020_top10_topk008/checkpoints/msgca_epoch_3.pt,same_calendar_2025,2025-05-21,2025-05-31,2025-05-21,2025-05-30,8,10,3,weighted,0.25,1.5,0.5,0.75,0.0,0.0,True,True,-0.009483585924594529,0.012747218041927688,-0.022230803966522217,-2.550435802117811,-0.013830858498076637,0.6499999999999999,,,,,,,,,0,,,,
r020_top10_topk008,0.2,4,/data/jiaxuanLin/AItrader/data/experiments/msgca/20260601_r020_top10_strong_ablation/runs/r020_top10_topk008/checkpoints/msgca_epoch_4.pt,same_calendar_2025,2025-05-21,2025-05-31,2025-05-21,2025-05-30,8,10,3,weighted,0.25,1.5,0.5,0.75,0.0,0.0,True,True,-0.022347296105141856,-0.00011649213861963936,-0.022230803966522217,-7.422209197315464,-0.012070405210209523,0.6499999999999999,,,,,,,,,0,,,,
r020_top10_topk008,0.2,5,/data/jiaxuanLin/AItrader/data/experiments/msgca/20260601_r020_top10_strong_ablation/runs/r020_top10_topk008/checkpoints/msgca_epoch_5.pt,same_calendar_2025,2025-05-21,2025-05-31,2025-05-21,2025-05-30,8,10,3,weighted,0.25,1.5,0.5,0.75,0.0,0.0,True,True,-0.03580332287267063,-0.013572518906148412,-0.022230803966522217,-15.205499192843911,-0.0232136478436471,0.6499999999999999,,,,,,,,,0,,,,
r020_top10_topk008,0.2,6,/data/jiaxuanLin/AItrader/data/experiments/msgca/20260601_r020_top10_strong_ablation/runs/r020_top10_topk008/checkpoints/msgca_epoch_6.pt,same_calendar_2025,2025-05-21,2025-05-31,2025-05-21,2025-05-30,8,10,3,weighted,0.25,1.5,0.5,0.75,0.0,0.0,True,True,-0.015280920936709186,0.006949883029813031,-0.022230803966522217,-5.999284155245384,-0.012337625903393601,0.6499999999999999,,,,,,,,,0,,,,
r020_top10_topk008,0.2,7,/data/jiaxuanLin/AItrader/data/experiments/msgca/20260601_r020_top10_strong_ablation/runs/r020_top10_topk008/checkpoints/msgca_epoch_7.pt,same_calendar_2025,2025-05-21,2025-05-31,2025-05-21,2025-05-30,8,10,3,weighted,0.25,1.5,0.5,0.75,0.0,0.0,True,True,-0.005868652946326658,0.01636215102019556,-0.022230803966522217,-1.4477875109248108,-0.006339469529241359,0.6499999999999999,,,,,,,,,0,,,,
r020_top10_topk008,0.2,8,/data/jiaxuanLin/AItrader/data/experiments/msgca/20260601_r020_top10_strong_ablation/runs/r020_top10_topk008/checkpoints/msgca_epoch_8.pt,same_calendar_2025,2025-05-21,2025-05-31,2025-05-21,2025-05-30,8,10,3,weighted,0.25,1.5,0.5,0.75,0.0,0.0,True,True,-0.0629661108449262,-0.04073530687840399,-0.022230803966522217,-7.760819339518674,-0.02923646364870558,0.6499999999999999,,,,,,,,,0,,,,
r020_top10_topk008,0.2,9,/data/jiaxuanLin/AItrader/data/experiments/msgca/20260601_r020_top10_strong_ablation/runs/r020_top10_topk008/checkpoints/msgca_epoch_9.pt,same_calendar_2025,2025-05-21,2025-05-31,2025-05-21,2025-05-30,8,10,3,weighted,0.25,1.5,0.5,0.75,0.0,0.0,True,True,-0.05533758963523294,-0.033106785668710725,-0.022230803966522217,-8.127314826883989,-0.03893690176081377,0.6499999999999999,,,,,,,,,0,,,,
r020_top10_topk008,0.2,10,/data/jiaxuanLin/AItrader/data/experiments/msgca/20260601_r020_top10_strong_ablation/runs/r020_top10_topk008/checkpoints/msgca_epoch_10.pt,same_calendar_2025,2025-05-21,2025-05-31,2025-05-21,2025-05-30,8,10,3,weighted,0.25,1.5,0.5,0.75,0.0,0.0,True,True,-0.05867451553305103,-0.036443711566528814,-0.022230803966522217,-6.185640891919685,-0.05067660934099272,0.6499999999999999,,,,,,,,,0,,,,
r020_top10_topk008,0.2,11,/data/jiaxuanLin/AItrader/data/experiments/msgca/20260601_r020_top10_strong_ablation/runs/r020_top10_topk008/checkpoints/msgca_epoch_11.pt,same_calendar_2025,2025-05-21,2025-05-31,2025-05-21,2025-05-30,8,10,3,weighted,0.25,1.5,0.5,0.75,0.0,0.0,True,True,-0.0828096946009037,-0.06057889063438149,-0.022230803966522217,-6.866685412344287,-0.05789680903057737,0.6499999999999999,,,,,,,,,0,,,,
r020_top10_topk008,0.2,12,/data/jiaxuanLin/AItrader/data/experiments/msgca/20260601_r020_top10_strong_ablation/runs/r020_top10_topk008/checkpoints/msgca_epoch_12.pt,same_calendar_2025,2025-05-21,2025-05-31,2025-05-21,2025-05-30,8,10,3,weighted,0.25,1.5,0.5,0.75,0.0,0.0,True,True,-0.011684287791464465,0.010546516175057752,-0.022230803966522217,-3.1321972843651,-0.01572161927733251,0.6499999999999999,,,,,,,,,0,,,,
r020_top10_topk008,0.2,13,/data/jiaxuanLin/AItrader/data/experiments/msgca/20260601_r020_top10_strong_ablation/runs/r020_top10_topk008/checkpoints/msgca_epoch_13.pt,same_calendar_2025,2025-05-21,2025-05-31,2025-05-21,2025-05-30,8,10,3,weighted,0.25,1.5,0.5,0.75,0.0,0.0,True,True,-0.01711537933239482,0.005115424634127397,-0.022230803966522217,-3.754588365197499,-0.026494871485647997,0.6499999999999999,,,,,,,,,0,,,,
r020_top10_topk008,0.2,14,/data/jiaxuanLin/AItrader/data/experiments/msgca/20260601_r020_top10_strong_ablation/runs/r020_top10_topk008/checkpoints/msgca_epoch_14.pt,same_calendar_2025,2025-05-21,2025-05-31,2025-05-21,2025-05-30,8,10,3,weighted,0.25,1.5,0.5,0.75,0.0,0.0,True,True,-0.000885395714025794,0.021345408252496423,-0.022230803966522217,-0.177496577482182,-0.017514655436873472,0.6499999999999999,,,,,,,,,0,,,,
r020_top10_topk008,0.2,1,/data/jiaxuanLin/AItrader/data/experiments/msgca/20260601_r020_top10_strong_ablation/runs/r020_top10_topk008/checkpoints/msgca_epoch_1.pt,same_comp_2025,2025-06-02,2025-06-13,2025-06-03,2025-06-13,9,10,3,weighted,0.25,1.5,0.5,0.75,0.0,0.0,True,True,-0.034488081635273504,-0.04787254303816657,0.013384461402893066,-5.762262383382547,-0.04062003176064355,0.6444444444444444,,,,,,,,,0,,,,
r020_top10_topk008,0.2,2,/data/jiaxuanLin/AItrader/data/experiments/msgca/20260601_r020_top10_strong_ablation/runs/r020_top10_topk008/checkpoints/msgca_epoch_2.pt,same_comp_2025,2025-06-02,2025-06-13,2025-06-03,2025-06-13,9,10,3,weighted,0.25,1.5,0.5,0.75,0.0,0.0,True,True,-0.05031545038827623,-0.0636999117911693,0.013384461402893066,-10.130270102148351,-0.05487538814093729,0.6444444444444444,,,,,,,,,0,,,,
r020_top10_topk008,0.2,3,/data/jiaxuanLin/AItrader/data/experiments/msgca/20260601_r020_top10_strong_ablation/runs/r020_top10_topk008/checkpoints/msgca_epoch_3.pt,same_comp_2025,2025-06-02,2025-06-13,2025-06-03,2025-06-13,9,10,3,weighted,0.25,1.5,0.5,0.75,0.0,0.0,True,True,0.01289484997867163,-0.0004896114242214367,0.013384461402893066,2.947347021825427,-0.012079401943385637,0.6444444444444444,,,,,,,,,0,,,,
r020_top10_topk008,0.2,4,/data/jiaxuanLin/AItrader/data/experiments/msgca/20260601_r020_top10_strong_ablation/runs/r020_top10_topk008/checkpoints/msgca_epoch_4.pt,same_comp_2025,2025-06-02,2025-06-13,2025-06-03,2025-06-13,9,10,3,weighted,0.25,1.5,0.5,0.75,0.0,0.0,True,True,0.01864383692075844,0.005259375517865372,0.013384461402893066,5.686307740660013,-0.007988281770148764,0.6444444444444444,,,,,,,,,0,,,,
r020_top10_topk008,0.2,5,/data/jiaxuanLin/AItrader/data/experiments/msgca/20260601_r020_top10_strong_ablation/runs/r020_top10_topk008/checkpoints/msgca_epoch_5.pt,same_comp_2025,2025-06-02,2025-06-13,2025-06-03,2025-06-13,9,10,3,weighted,0.25,1.5,0.5,0.75,0.0,0.0,True,True,0.012893707935074827,-0.000490753467818239,0.013384461402893066,3.76854031333684,-0.010780088126323584,0.6444444444444444,,,,,,,,,0,,,,
r020_top10_topk008,0.2,6,/data/jiaxuanLin/AItrader/data/experiments/msgca/20260601_r020_top10_strong_ablation/runs/r020_top10_topk008/checkpoints/msgca_epoch_6.pt,same_comp_2025,2025-06-02,2025-06-13,2025-06-03,2025-06-13,9,10,3,weighted,0.25,1.5,0.5,0.75,0.0,0.0,True,True,0.030833362634147266,0.0174489012312542,0.013384461402893066,8.594130096425394,-0.006537437043637073,0.6444444444444444,,,,,,,,,0,,,,
r020_top10_topk008,0.2,7,/data/jiaxuanLin/AItrader/data/experiments/msgca/20260601_r020_top10_strong_ablation/runs/r020_top10_topk008/checkpoints/msgca_epoch_7.pt,same_comp_2025,2025-06-02,2025-06-13,2025-06-03,2025-06-13,9,10,3,weighted,0.25,1.5,0.5,0.75,0.0,0.0,True,True,0.03446525874293238,0.021080797340039314,0.013384461402893066,8.823061592163066,-0.012692835720226836,0.6444444444444444,,,,,,,,,0,,,,
r020_top10_topk008,0.2,8,/data/jiaxuanLin/AItrader/data/experiments/msgca/20260601_r020_top10_strong_ablation/runs/r020_top10_topk008/checkpoints/msgca_epoch_8.pt,same_comp_2025,2025-06-02,2025-06-13,2025-06-03,2025-06-13,9,10,3,weighted,0.25,1.5,0.5,0.75,0.0,0.0,True,True,0.04619953077602168,0.032815069373128614,0.013384461402893066,8.692988360579044,-0.009587971563935316,0.6444444444444444,,,,,,,,,0,,,,
r020_top10_topk008,0.2,9,/data/jiaxuanLin/AItrader/data/experiments/msgca/20260601_r020_top10_strong_ablation/runs/r020_top10_topk008/checkpoints/msgca_epoch_9.pt,same_comp_2025,2025-06-02,2025-06-13,2025-06-03,2025-06-13,9,10,3,weighted,0.25,1.5,0.5,0.75,0.0,0.0,True,True,0.020223454783414807,0.006838993380521741,0.013384461402893066,2.5759200382342295,-0.043644401400177446,0.6444444444444444,,,,,,,,,0,,,,
r020_top10_topk008,0.2,10,/data/jiaxuanLin/AItrader/data/experiments/msgca/20260601_r020_top10_strong_ablation/runs/r020_top10_topk008/checkpoints/msgca_epoch_10.pt,same_comp_2025,2025-06-02,2025-06-13,2025-06-03,2025-06-13,9,10,3,weighted,0.25,1.5,0.5,0.75,0.0,0.0,True,True,0.022683606763819864,0.009299145360926797,0.013384461402893066,3.0255861265818242,-0.041827005038402976,0.6444444444444444,,,,,,,,,0,,,,
r020_top10_topk008,0.2,11,/data/jiaxuanLin/AItrader/data/experiments/msgca/20260601_r020_top10_strong_ablation/runs/r020_top10_topk008/checkpoints/msgca_epoch_11.pt,same_comp_2025,2025-06-02,2025-06-13,2025-06-03,2025-06-13,9,10,3,weighted,0.25,1.5,0.5,0.75,0.0,0.0,True,True,0.007473524639018514,-0.0059109367638745525,0.013384461402893066,0.909525245341679,-0.04915012172388933,0.6444444444444444,,,,,,,,,0,,,,
r020_top10_topk008,0.2,12,/data/jiaxuanLin/AItrader/data/experiments/msgca/20260601_r020_top10_strong_ablation/runs/r020_top10_topk008/checkpoints/msgca_epoch_12.pt,same_comp_2025,2025-06-02,2025-06-13,2025-06-03,2025-06-13,9,10,3,weighted,0.25,1.5,0.5,0.75,0.0,0.0,True,True,0.020226042702224056,0.00684158129933099,0.013384461402893066,5.260595639130401,-0.011237284047570406,0.6444444444444444,,,,,,,,,0,,,,
r020_top10_topk008,0.2,13,/data/jiaxuanLin/AItrader/data/experiments/msgca/20260601_r020_top10_strong_ablation/runs/r020_top10_topk008/checkpoints/msgca_epoch_13.pt,same_comp_2025,2025-06-02,2025-06-13,2025-06-03,2025-06-13,9,10,3,weighted,0.25,1.5,0.5,0.75,0.0,0.0,True,True,0.028455049877887273,0.015070588474994207,0.013384461402893066,5.473532006057469,-0.00954302742421298,0.6444444444444444,,,,,,,,,0,,,,
r020_top10_topk008,0.2,14,/data/jiaxuanLin/AItrader/data/experiments/msgca/20260601_r020_top10_strong_ablation/runs/r020_top10_topk008/checkpoints/msgca_epoch_14.pt,same_comp_2025,2025-06-02,2025-06-13,2025-06-03,2025-06-13,9,10,3,weighted,0.25,1.5,0.5,0.75,0.0,0.0,True,True,0.03410686672566032,0.020722405322767257,0.013384461402893066,6.3836078388176345,-0.010974385134189912,0.6444444444444444,,,,,,,,,0,,,,
r020_top10_topk010,0.2,1,/data/jiaxuanLin/AItrader/data/experiments/msgca/20260601_r020_top10_strong_ablation/runs/r020_top10_topk010/checkpoints/msgca_epoch_1.pt,val2026_strict,2026-01-01,2026-05-20,2026-01-05,2026-05-20,88,10,3,weighted,0.25,1.5,0.5,0.75,0.0,0.0,True,True,-0.01184423982011773,-0.13083895264970757,0.11899471282958984,-0.05302366444952041,-0.1146620695042524,0.6045454545454544,-0.00897050093668872,-0.018874494724333505,-0.014301868471841561,0.31645569620253167,-0.055356209321343997,0.009903993787644784,0.6582278481012658,-0.03857239643775503,5,0.00011236297686734176,-0.01475999372265575,-0.02847944527285684,0.2
r020_top10_topk010,0.2,2,/data/jiaxuanLin/AItrader/data/experiments/msgca/20260601_r020_top10_strong_ablation/runs/r020_top10_topk010/checkpoints/msgca_epoch_2.pt,val2026_strict,2026-01-01,2026-05-20,2026-01-05,2026-05-20,88,10,3,weighted,0.25,1.5,0.5,0.75,0.0,0.0,True,True,-0.051881841774903514,-0.17087655460449336,0.11899471282958984,-0.5291904122419241,-0.13614145761984553,0.6045454545454544,-0.008792171316685074,-0.018696165104329858,-0.0017760578068281019,0.43037974683544306,-0.09185266557521954,0.009903993787644784,0.6582278481012658,-0.03859938525083098,5,-0.007373987746412514,0.004789559863867532,-0.018398650178029663,0.6
r020_top10_topk010,0.2,3,/data/jiaxuanLin/AItrader/data/experiments/msgca/20260601_r020_top10_strong_ablation/runs/r020_top10_topk010/checkpoints/msgca_epoch_3.pt,val2026_strict,2026-01-01,2026-05-20,2026-01-05,2026-05-20,88,10,3,weighted,0.25,1.5,0.5,0.75,0.0,0.0,True,True,-0.07643009819174318,-0.19542481102133302,0.11899471282958984,-0.9359116324328624,-0.15391851400446588,0.6045454545454544,-0.007828905645366856,-0.01773289943301164,-0.009157787556690056,0.3670886075949367,-0.06613438434444197,0.009903993787644784,0.6582278481012658,-0.03928406531615066,5,0.010545169761399631,0.019393425815893005,-0.0071179304812628574,0.8
r020_top10_topk010,0.2,4,/data/jiaxuanLin/AItrader/data/experiments/msgca/20260601_r020_top10_strong_ablation/runs/r020_top10_topk010/checkpoints/msgca_epoch_4.pt,val2026_strict,2026-01-01,2026-05-20,2026-01-05,2026-05-20,88,10,3,weighted,0.25,1.5,0.5,0.75,0.0,0.0,True,True,0.008774475610898502,-0.11022023721869134,0.11899471282958984,0.2233497038123318,-0.12387370526614383,0.6045454545454544,-0.0004333753960551313,-0.010337369183699915,-0.003598642874397928,0.4936708860759494,-0.07347349695569405,0.009903993787644784,0.6582278481012658,-0.026974292391682825,5,-0.031112083565576154,0.001199306809652545,-0.031112083565576154,0.6
r020_top10_topk010,0.2,5,/data/jiaxuanLin/AItrader/data/experiments/msgca/20260601_r020_top10_strong_ablation/runs/r020_top10_topk010/checkpoints/msgca_epoch_5.pt,val2026_strict,2026-01-01,2026-05-20,2026-01-05,2026-05-20,88,10,3,weighted,0.25,1.5,0.5,0.75,0.0,0.0,True,True,0.029653663706864064,-0.08934104912272578,0.11899471282958984,0.47899876325239826,-0.12093762697395993,0.6045454545454544,0.005895754005546314,-0.0040082397820984704,-0.0006704160380666124,0.4936708860759494,-0.07933980691069609,0.009903993787644784,0.6582278481012658,-0.008026204299685227,5,-0.010555341232991289,0.053541467938859985,-0.010555341232991289,0.8
r020_top10_topk010,0.2,6,/data/jiaxuanLin/AItrader/data/experiments/msgca/20260601_r020_top10_strong_ablation/runs/r020_top10_topk010/checkpoints/msgca_epoch_6.pt,val2026_strict,2026-01-01,2026-05-20,2026-01-05,2026-05-20,88,10,3,weighted,0.25,1.5,0.5,0.75,0.0,0.0,True,True,0.03497233350775564,-0.0840223793218342,0.11899471282958984,0.548769898493726,-0.1057502840032285,0.6045454545454544,0.01036664539052318,0.0004626516028783962,0.0008440846015647097,0.5189873417721519,-0.07778789608716763,0.009903993787644784,0.6582278481012658,-0.011668285772062477,5,-0.018065777008875017,0.01992211766590457,-0.018065777008875017,0.6
r020_top10_topk010,0.2,7,/data/jiaxuanLin/AItrader/data/experiments/msgca/20260601_r020_top10_strong_ablation/runs/r020_top10_topk010/checkpoints/msgca_epoch_7.pt,val2026_strict,2026-01-01,2026-05-20,2026-01-05,2026-05-20,88,10,3,weighted,0.25,1.5,0.5,0.75,0.0,0.0,True,True,-0.053515581720159355,-0.1725102945497492,0.11899471282958984,-0.5814671911694869,-0.13673596167503532,0.6045454545454544,0.004992682733404438,-0.004911311054240346,-0.005287636490984959,0.43037974683544306,-0.07682178911127902,0.009903993787644784,0.6582278481012658,-0.029733977336436165,5,-0.055937515747195854,0.010815810211428124,-0.055937515747195854,0.6
r020_top10_topk010,0.2,8,/data/jiaxuanLin/AItrader/data/experiments/msgca/20260601_r020_top10_strong_ablation/runs/r020_top10_topk010/checkpoints/msgca_epoch_8.pt,val2026_strict,2026-01-01,2026-05-20,2026-01-05,2026-05-20,88,10,3,weighted,0.25,1.5,0.5,0.75,0.0,0.0,True,True,0.07823324624676475,-0.04076146658282509,0.11899471282958984,0.7488997023425121,-0.13582016490018145,0.6045454545454544,0.02110595778851311,0.011201964000868326,0.01831173953370202,0.620253164556962,-0.107687410176733,0.009903993787644784,0.6582278481012658,0.016595688325714352,5,-0.025809859487629483,0.10002448113321916,-0.025809859487629483,0.8
r020_top10_topk010,0.2,9,/data/jiaxuanLin/AItrader/data/experiments/msgca/20260601_r020_top10_strong_ablation/runs/r020_top10_topk010/checkpoints/msgca_epoch_9.pt,val2026_strict,2026-01-01,2026-05-20,2026-01-05,2026-05-20,88,10,3,weighted,0.25,1.5,0.5,0.75,0.0,0.0,True,True,0.10804075104697275,-0.010953961782617094,0.11899471282958984,1.0081135165631847,-0.12876850172407628,0.6045454545454544,0.015412653299937592,0.005508659512292808,0.007028752763187818,0.5316455696202531,-0.10038691768229024,0.009903993787644784,0.6582278481012658,0.010938726900967987,5,-0.006734310637080743,0.07872254191604293,-0.006734310637080743,0.8
r020_top10_topk010,0.2,10,/data/jiaxuanLin/AItrader/data/experiments/msgca/20260601_r020_top10_strong_ablation/runs/r020_top10_topk010/checkpoints/msgca_epoch_10.pt,val2026_strict,2026-01-01,2026-05-20,2026-01-05,2026-05-20,88,10,3,weighted,0.25,1.5,0.5,0.75,0.0,0.0,True,True,0.007048560069972787,-0.11194615275961706,0.11899471282958984,0.23075592201545403,-0.18382678661185559,0.6045454545454544,0.010051691296336322,0.00014769750869153726,0.002743014705989477,0.5063291139240507,-0.09801058621278835,0.009903993787644784,0.6582278481012658,-0.011154709123972657,5,-0.011703905924049351,0.06557576279796296,-0.011703905924049351,0.8
r020_top10_topk010,0.2,11,/data/jiaxuanLin/AItrader/data/experiments/msgca/20260601_r020_top10_strong_ablation/runs/r020_top10_topk010/checkpoints/msgca_epoch_11.pt,val2026_strict,2026-01-01,2026-05-20,2026-01-05,2026-05-20,88,10,3,weighted,0.25,1.5,0.5,0.75,0.0,0.0,True,True,0.31922977496716465,0.2002350621375748,0.11899471282958984,2.078623634862296,-0.15771673890488336,0.6045454545454544,0.02490777154737317,0.015003777759728385,0.01764093895322949,0.569620253164557,-0.10246845198513688,0.009903993787644784,0.6582278481012658,0.044121992456489734,5,0.036876153752191776,0.11615104195624557,0.036876153752191776,1.0
r020_top10_topk010,0.2,12,/data/jiaxuanLin/AItrader/data/experiments/msgca/20260601_r020_top10_strong_ablation/runs/r020_top10_topk010/checkpoints/msgca_epoch_12.pt,val2026_strict,2026-01-01,2026-05-20,2026-01-05,2026-05-20,88,10,3,weighted,0.25,1.5,0.5,0.75,0.0,0.0,True,True,0.22392366819433285,0.104928955364743,0.11899471282958984,2.536657325969759,-0.06971258385001289,0.6045454545454544,0.02296901343262304,0.013065019644978257,0.023300426810655583,0.7215189873417721,-0.06939923734988895,0.009903993787644784,0.6582278481012658,0.025922730603767867,5,0.006492364339314216,0.044464093717904295,0.006492364339314216,1.0
r020_top10_topk010,0.2,13,/data/jiaxuanLin/AItrader/data/experiments/msgca/20260601_r020_top10_strong_ablation/runs/r020_top10_topk010/checkpoints/msgca_epoch_13.pt,val2026_strict,2026-01-01,2026-05-20,2026-01-05,2026-05-20,88,10,3,weighted,0.25,1.5,0.5,0.75,0.0,0.0,True,True,0.1467835698175859,0.027788856987996047,0.11899471282958984,1.600793822508367,-0.12259041683919192,0.6045454545454544,0.020354228785629848,0.010450234997985064,0.025689506458909994,0.7088607594936709,-0.09396685353586853,0.009903993787644784,0.6582278481012658,0.009680950020797432,5,-0.010965244427298626,0.03776299926970206,-0.010965244427298626,0.8
r020_top10_topk010,0.2,14,/data/jiaxuanLin/AItrader/data/experiments/msgca/20260601_r020_top10_strong_ablation/runs/r020_top10_topk010/checkpoints/msgca_epoch_14.pt,val2026_strict,2026-01-01,2026-05-20,2026-01-05,2026-05-20,88,10,3,weighted,0.25,1.5,0.5,0.75,0.0,0.0,True,True,0.14756607380466047,0.028571360975070625,0.11899471282958984,2.035085933062976,-0.08529485840100137,0.6045454545454544,0.01919174199431333,0.009287748206668547,0.014622372039620801,0.7215189873417721,-0.08459445061779503,0.009903993787644784,0.6582278481012658,0.007756845345539333,5,0.012144937597720062,0.016886497425535874,0.00999442356286906,1.0
r020_top10_topk010,0.2,1,/data/jiaxuanLin/AItrader/data/experiments/msgca/20260601_r020_top10_strong_ablation/runs/r020_top10_topk010/checkpoints/msgca_epoch_1.pt,hold2026_recent,2026-05-21,2026-05-31,2026-05-21,2026-05-28,6,10,3,weighted,0.25,1.5,0.5,0.75,0.0,0.0,True,True,-0.07092650303015446,-0.028858379212710616,-0.04206812381744385,-22.305666749947253,-0.05922632294822172,0.6666666666666666,,,,,,,,,0,,,,
r020_top10_topk010,0.2,2,/data/jiaxuanLin/AItrader/data/experiments/msgca/20260601_r020_top10_strong_ablation/runs/r020_top10_topk010/checkpoints/msgca_epoch_2.pt,hold2026_recent,2026-05-21,2026-05-31,2026-05-21,2026-05-28,6,10,3,weighted,0.25,1.5,0.5,0.75,0.0,0.0,True,True,-0.0039983556288918365,0.03806976818855201,-0.04206812381744385,-1.1091353558397385,-0.009409508018257906,0.6666666666666666,,,,,,,,,0,,,,
r020_top10_topk010,0.2,3,/data/jiaxuanLin/AItrader/data/experiments/msgca/20260601_r020_top10_strong_ablation/runs/r020_top10_topk010/checkpoints/msgca_epoch_3.pt,hold2026_recent,2026-05-21,2026-05-31,2026-05-21,2026-05-28,6,10,3,weighted,0.25,1.5,0.5,0.75,0.0,0.0,True,True,0.005925957227020051,0.0479940810444639,-0.04206812381744385,1.419777195739364,-0.006052353503907315,0.6666666666666666,,,,,,,,,0,,,,
r020_top10_topk010,0.2,4,/data/jiaxuanLin/AItrader/data/experiments/msgca/20260601_r020_top10_strong_ablation/runs/r020_top10_topk010/checkpoints/msgca_epoch_4.pt,hold2026_recent,2026-05-21,2026-05-31,2026-05-21,2026-05-28,6,10,3,weighted,0.25,1.5,0.5,0.75,0.0,0.0,True,True,0.02354893390513202,0.06561705772257587,-0.04206812381744385,4.251791961427281,-0.006628305721581018,0.6666666666666666,,,,,,,,,0,,,,
r020_top10_topk010,0.2,5,/data/jiaxuanLin/AItrader/data/experiments/msgca/20260601_r020_top10_strong_ablation/runs/r020_top10_topk010/checkpoints/msgca_epoch_5.pt,hold2026_recent,2026-05-21,2026-05-31,2026-05-21,2026-05-28,6,10,3,weighted,0.25,1.5,0.5,0.75,0.0,0.0,True,True,0.010928495880652145,0.05299661969809599,-0.04206812381744385,2.0337543098826503,-0.013028884381983907,0.6666666666666666,,,,,,,,,0,,,,
r020_top10_topk010,0.2,6,/data/jiaxuanLin/AItrader/data/experiments/msgca/20260601_r020_top10_strong_ablation/runs/r020_top10_topk010/checkpoints/msgca_epoch_6.pt,hold2026_recent,2026-05-21,2026-05-31,2026-05-21,2026-05-28,6,10,3,weighted,0.25,1.5,0.5,0.75,0.0,0.0,True,True,0.01573344005414934,0.05780156387159319,-0.04206812381744385,2.4828416604144397,-0.012218536879420316,0.6666666666666666,,,,,,,,,0,,,,
r020_top10_topk010,0.2,7,/data/jiaxuanLin/AItrader/data/experiments/msgca/20260601_r020_top10_strong_ablation/runs/r020_top10_topk010/checkpoints/msgca_epoch_7.pt,hold2026_recent,2026-05-21,2026-05-31,2026-05-21,2026-05-28,6,10,3,weighted,0.25,1.5,0.5,0.75,0.0,0.0,True,True,0.019163780105645012,0.06123190392308886,-0.04206812381744385,3.3600877487027954,-0.0205003285069304,0.6666666666666666,,,,,,,,,0,,,,
r020_top10_topk010,0.2,8,/data/jiaxuanLin/AItrader/data/experiments/msgca/20260601_r020_top10_strong_ablation/runs/r020_top10_topk010/checkpoints/msgca_epoch_8.pt,hold2026_recent,2026-05-21,2026-05-31,2026-05-21,2026-05-28,6,10,3,weighted,0.25,1.5,0.5,0.75,0.0,0.0,True,True,-0.007057300550409096,0.03501082326703475,-0.04206812381744385,-0.6853384756754035,-0.013890193845629728,0.6666666666666666,,,,,,,,,0,,,,
r020_top10_topk010,0.2,9,/data/jiaxuanLin/AItrader/data/experiments/msgca/20260601_r020_top10_strong_ablation/runs/r020_top10_topk010/checkpoints/msgca_epoch_9.pt,hold2026_recent,2026-05-21,2026-05-31,2026-05-21,2026-05-28,6,10,3,weighted,0.25,1.5,0.5,0.75,0.0,0.0,True,True,-0.01420061100172465,0.027867512815719198,-0.04206812381744385,-1.4722857352959204,-0.029446084122657812,0.6666666666666666,,,,,,,,,0,,,,
r020_top10_topk010,0.2,10,/data/jiaxuanLin/AItrader/data/experiments/msgca/20260601_r020_top10_strong_ablation/runs/r020_top10_topk010/checkpoints/msgca_epoch_10.pt,hold2026_recent,2026-05-21,2026-05-31,2026-05-21,2026-05-28,6,10,3,weighted,0.25,1.5,0.5,0.75,0.0,0.0,True,True,-0.0387519374284192,0.0033161863890246446,-0.04206812381744385,-3.888175180256701,-0.048154268795842836,0.6666666666666666,,,,,,,,,0,,,,
r020_top10_topk010,0.2,11,/data/jiaxuanLin/AItrader/data/experiments/msgca/20260601_r020_top10_strong_ablation/runs/r020_top10_topk010/checkpoints/msgca_epoch_11.pt,hold2026_recent,2026-05-21,2026-05-31,2026-05-21,2026-05-28,6,10,3,weighted,0.25,1.5,0.5,0.75,0.0,0.0,True,True,0.03577057383182525,0.0778386976492691,-0.04206812381744385,3.693080042732325,-0.026570856641531027,0.6666666666666666,,,,,,,,,0,,,,
r020_top10_topk010,0.2,12,/data/jiaxuanLin/AItrader/data/experiments/msgca/20260601_r020_top10_strong_ablation/runs/r020_top10_topk010/checkpoints/msgca_epoch_12.pt,hold2026_recent,2026-05-21,2026-05-31,2026-05-21,2026-05-28,6,10,3,weighted,0.25,1.5,0.5,0.75,0.0,0.0,True,True,-0.015038788315593576,0.02702933550185027,-0.04206812381744385,-2.5536888843085026,-0.025414161486022713,0.6666666666666666,,,,,,,,,0,,,,
r020_top10_topk010,0.2,13,/data/jiaxuanLin/AItrader/data/experiments/msgca/20260601_r020_top10_strong_ablation/runs/r020_top10_topk010/checkpoints/msgca_epoch_13.pt,hold2026_recent,2026-05-21,2026-05-31,2026-05-21,2026-05-28,6,10,3,weighted,0.25,1.5,0.5,0.75,0.0,0.0,True,True,-0.011980088335602823,0.030088035481841024,-0.04206812381744385,-1.9274054776837704,-0.02691506698870416,0.6666666666666666,,,,,,,,,0,,,,
r020_top10_topk010,0.2,14,/data/jiaxuanLin/AItrader/data/experiments/msgca/20260601_r020_top10_strong_ablation/runs/r020_top10_topk010/checkpoints/msgca_epoch_14.pt,hold2026_recent,2026-05-21,2026-05-31,2026-05-21,2026-05-28,6,10,3,weighted,0.25,1.5,0.5,0.75,0.0,0.0,True,True,-0.03671063254921736,0.005357491268226489,-0.04206812381744385,-7.846899829047216,-0.03138172642345605,0.6666666666666666,,,,,,,,,0,,,,
r020_top10_topk010,0.2,1,/data/jiaxuanLin/AItrader/data/experiments/msgca/20260601_r020_top10_strong_ablation/runs/r020_top10_topk010/checkpoints/msgca_epoch_1.pt,same_calendar_2025,2025-05-21,2025-05-31,2025-05-21,2025-05-30,8,10,3,weighted,0.25,1.5,0.5,0.75,0.0,0.0,True,True,-0.02413860227544007,-0.0019077983089178518,-0.022230803966522217,-6.782618389540844,-0.023278318745656112,0.6499999999999999,,,,,,,,,0,,,,
r020_top10_topk010,0.2,2,/data/jiaxuanLin/AItrader/data/experiments/msgca/20260601_r020_top10_strong_ablation/runs/r020_top10_topk010/checkpoints/msgca_epoch_2.pt,same_calendar_2025,2025-05-21,2025-05-31,2025-05-21,2025-05-30,8,10,3,weighted,0.25,1.5,0.5,0.75,0.0,0.0,True,True,-0.019812748738859742,0.0024180552276624745,-0.022230803966522217,-5.887697878213717,-0.026198482043614302,0.6499999999999999,,,,,,,,,0,,,,
r020_top10_topk010,0.2,3,/data/jiaxuanLin/AItrader/data/experiments/msgca/20260601_r020_top10_strong_ablation/runs/r020_top10_topk010/checkpoints/msgca_epoch_3.pt,same_calendar_2025,2025-05-21,2025-05-31,2025-05-21,2025-05-30,8,10,3,weighted,0.25,1.5,0.5,0.75,0.0,0.0,True,True,-0.012533770299003155,0.009697033667519062,-0.022230803966522217,-3.9129300943977143,-0.013830858498076637,0.6499999999999999,,,,,,,,,0,,,,
r020_top10_topk010,0.2,4,/data/jiaxuanLin/AItrader/data/experiments/msgca/20260601_r020_top10_strong_ablation/runs/r020_top10_topk010/checkpoints/msgca_epoch_4.pt,same_calendar_2025,2025-05-21,2025-05-31,2025-05-21,2025-05-30,8,10,3,weighted,0.25,1.5,0.5,0.75,0.0,0.0,True,True,-0.022347296105141856,-0.00011649213861963936,-0.022230803966522217,-7.422209197315464,-0.012070405210209523,0.6499999999999999,,,,,,,,,0,,,,
r020_top10_topk010,0.2,5,/data/jiaxuanLin/AItrader/data/experiments/msgca/20260601_r020_top10_strong_ablation/runs/r020_top10_topk010/checkpoints/msgca_epoch_5.pt,same_calendar_2025,2025-05-21,2025-05-31,2025-05-21,2025-05-30,8,10,3,weighted,0.25,1.5,0.5,0.75,0.0,0.0,True,True,-0.035028037169922976,-0.01279723320340076,-0.022230803966522217,-14.67307467091562,-0.0232136478436471,0.6499999999999999,,,,,,,,,0,,,,
r020_top10_topk010,0.2,6,/data/jiaxuanLin/AItrader/data/experiments/msgca/20260601_r020_top10_strong_ablation/runs/r020_top10_topk010/checkpoints/msgca_epoch_6.pt,same_calendar_2025,2025-05-21,2025-05-31,2025-05-21,2025-05-30,8,10,3,weighted,0.25,1.5,0.5,0.75,0.0,0.0,True,True,-0.018148473178974722,0.0040823307875474946,-0.022230803966522217,-6.917565923611433,-0.012728473622762304,0.6499999999999999,,,,,,,,,0,,,,
r020_top10_topk010,0.2,7,/data/jiaxuanLin/AItrader/data/experiments/msgca/20260601_r020_top10_strong_ablation/runs/r020_top10_topk010/checkpoints/msgca_epoch_7.pt,same_calendar_2025,2025-05-21,2025-05-31,2025-05-21,2025-05-30,8,10,3,weighted,0.25,1.5,0.5,0.75,0.0,0.0,True,True,-0.009078524059036419,0.013152279907485798,-0.022230803966522217,-2.3079483948754214,-0.006893422303015706,0.6499999999999999,,,,,,,,,0,,,,
r020_top10_topk010,0.2,8,/data/jiaxuanLin/AItrader/data/experiments/msgca/20260601_r020_top10_strong_ablation/runs/r020_top10_topk010/checkpoints/msgca_epoch_8.pt,same_calendar_2025,2025-05-21,2025-05-31,2025-05-21,2025-05-30,8,10,3,weighted,0.25,1.5,0.5,0.75,0.0,0.0,True,True,-0.07430587840097025,-0.05207507443444803,-0.022230803966522217,-11.236922897201124,-0.0399153147450515,0.6499999999999999,,,,,,,,,0,,,,
r020_top10_topk010,0.2,9,/data/jiaxuanLin/AItrader/data/experiments/msgca/20260601_r020_top10_strong_ablation/runs/r020_top10_topk010/checkpoints/msgca_epoch_9.pt,same_calendar_2025,2025-05-21,2025-05-31,2025-05-21,2025-05-30,8,10,3,weighted,0.25,1.5,0.5,0.75,0.0,0.0,True,True,-0.05660100852568706,-0.03437020455916484,-0.022230803966522217,-8.13167696558034,-0.042460521018242936,0.6499999999999999,,,,,,,,,0,,,,
r020_top10_topk010,0.2,10,/data/jiaxuanLin/AItrader/data/experiments/msgca/20260601_r020_top10_strong_ablation/runs/r020_top10_topk010/checkpoints/msgca_epoch_10.pt,same_calendar_2025,2025-05-21,2025-05-31,2025-05-21,2025-05-30,8,10,3,weighted,0.25,1.5,0.5,0.75,0.0,0.0,True,True,-0.05867451553305103,-0.036443711566528814,-0.022230803966522217,-6.185640891919685,-0.05067660934099272,0.6499999999999999,,,,,,,,,0,,,,
r020_top10_topk010,0.2,11,/data/jiaxuanLin/AItrader/data/experiments/msgca/20260601_r020_top10_strong_ablation/runs/r020_top10_topk010/checkpoints/msgca_epoch_11.pt,same_calendar_2025,2025-05-21,2025-05-31,2025-05-21,2025-05-30,8,10,3,weighted,0.25,1.5,0.5,0.75,0.0,0.0,True,True,-0.09889189703676315,-0.07666109307024094,-0.022230803966522217,-8.055682045721351,-0.07441583909822158,0.6499999999999999,,,,,,,,,0,,,,
r020_top10_topk010,0.2,12,/data/jiaxuanLin/AItrader/data/experiments/msgca/20260601_r020_top10_strong_ablation/runs/r020_top10_topk010/checkpoints/msgca_epoch_12.pt,same_calendar_2025,2025-05-21,2025-05-31,2025-05-21,2025-05-30,8,10,3,weighted,0.25,1.5,0.5,0.75,0.0,0.0,True,True,-0.011684289178538476,0.01054651478798374,-0.022230803966522217,-3.132197631509702,-0.015721620201614828,0.6499999999999999,,,,,,,,,0,,,,
r020_top10_topk010,0.2,13,/data/jiaxuanLin/AItrader/data/experiments/msgca/20260601_r020_top10_strong_ablation/runs/r020_top10_topk010/checkpoints/msgca_epoch_13.pt,same_calendar_2025,2025-05-21,2025-05-31,2025-05-21,2025-05-30,8,10,3,weighted,0.25,1.5,0.5,0.75,0.0,0.0,True,True,-0.013808400685643263,0.008422403280878954,-0.022230803966522217,-3.1597175629138787,-0.023580827898267875,0.6499999999999999,,,,,,,,,0,,,,
r020_top10_topk010,0.2,14,/data/jiaxuanLin/AItrader/data/experiments/msgca/20260601_r020_top10_strong_ablation/runs/r020_top10_topk010/checkpoints/msgca_epoch_14.pt,same_calendar_2025,2025-05-21,2025-05-31,2025-05-21,2025-05-30,8,10,3,weighted,0.25,1.5,0.5,0.75,0.0,0.0,True,True,-0.0007605049593358837,0.021470299007186333,-0.022230803966522217,-0.14406969493300556,-0.017514655436873472,0.6499999999999999,,,,,,,,,0,,,,
r020_top10_topk010,0.2,1,/data/jiaxuanLin/AItrader/data/experiments/msgca/20260601_r020_top10_strong_ablation/runs/r020_top10_topk010/checkpoints/msgca_epoch_1.pt,same_comp_2025,2025-06-02,2025-06-13,2025-06-03,2025-06-13,9,10,3,weighted,0.25,1.5,0.5,0.75,0.0,0.0,True,True,-0.034488081635273504,-0.04787254303816657,0.013384461402893066,-5.762262383382547,-0.04062003176064355,0.6444444444444444,,,,,,,,,0,,,,
r020_top10_topk010,0.2,2,/data/jiaxuanLin/AItrader/data/experiments/msgca/20260601_r020_top10_strong_ablation/runs/r020_top10_topk010/checkpoints/msgca_epoch_2.pt,same_comp_2025,2025-06-02,2025-06-13,2025-06-03,2025-06-13,9,10,3,weighted,0.25,1.5,0.5,0.75,0.0,0.0,True,True,-0.05031545038827623,-0.0636999117911693,0.013384461402893066,-10.130270102148351,-0.05487538814093729,0.6444444444444444,,,,,,,,,0,,,,
r020_top10_topk010,0.2,3,/data/jiaxuanLin/AItrader/data/experiments/msgca/20260601_r020_top10_strong_ablation/runs/r020_top10_topk010/checkpoints/msgca_epoch_3.pt,same_comp_2025,2025-06-02,2025-06-13,2025-06-03,2025-06-13,9,10,3,weighted,0.25,1.5,0.5,0.75,0.0,0.0,True,True,0.010135181752588984,-0.003249279650304082,0.013384461402893066,2.292525146866185,-0.012079401943385637,0.6444444444444444,,,,,,,,,0,,,,
r020_top10_topk010,0.2,4,/data/jiaxuanLin/AItrader/data/experiments/msgca/20260601_r020_top10_strong_ablation/runs/r020_top10_topk010/checkpoints/msgca_epoch_4.pt,same_comp_2025,2025-06-02,2025-06-13,2025-06-03,2025-06-13,9,10,3,weighted,0.25,1.5,0.5,0.75,0.0,0.0,True,True,0.013015738027796875,-0.0003687233750961916,0.013384461402893066,4.049988691559394,-0.012020367516638819,0.6444444444444444,,,,,,,,,0,,,,
r020_top10_topk010,0.2,5,/data/jiaxuanLin/AItrader/data/experiments/msgca/20260601_r020_top10_strong_ablation/runs/r020_top10_topk010/checkpoints/msgca_epoch_5.pt,same_comp_2025,2025-06-02,2025-06-13,2025-06-03,2025-06-13,9,10,3,weighted,0.25,1.5,0.5,0.75,0.0,0.0,True,True,0.012893706616443845,-0.0004907547864492212,0.013384461402893066,3.768540001368212,-0.010780088126323584,0.6444444444444444,,,,,,,,,0,,,,
r020_top10_topk010,0.2,6,/data/jiaxuanLin/AItrader/data/experiments/msgca/20260601_r020_top10_strong_ablation/runs/r020_top10_topk010/checkpoints/msgca_epoch_6.pt,same_comp_2025,2025-06-02,2025-06-13,2025-06-03,2025-06-13,9,10,3,weighted,0.25,1.5,0.5,0.75,0.0,0.0,True,True,0.030833362753999616,0.01744890135110655,0.013384461402893066,8.594130135130683,-0.006537437043637073,0.6444444444444444,,,,,,,,,0,,,,
r020_top10_topk010,0.2,7,/data/jiaxuanLin/AItrader/data/experiments/msgca/20260601_r020_top10_strong_ablation/runs/r020_top10_topk010/checkpoints/msgca_epoch_7.pt,same_comp_2025,2025-06-02,2025-06-13,2025-06-03,2025-06-13,9,10,3,weighted,0.25,1.5,0.5,0.75,0.0,0.0,True,True,0.026146747234495615,0.012762285831602549,0.013384461402893066,6.857575332605421,-0.014645649972082397,0.6444444444444444,,,,,,,,,0,,,,
r020_top10_topk010,0.2,8,/data/jiaxuanLin/AItrader/data/experiments/msgca/20260601_r020_top10_strong_ablation/runs/r020_top10_topk010/checkpoints/msgca_epoch_8.pt,same_comp_2025,2025-06-02,2025-06-13,2025-06-03,2025-06-13,9,10,3,weighted,0.25,1.5,0.5,0.75,0.0,0.0,True,True,0.03384550908051254,0.02046104767761947,0.013384461402893066,6.031545396800849,-0.01214962273418907,0.6444444444444444,,,,,,,,,0,,,,
r020_top10_topk010,0.2,9,/data/jiaxuanLin/AItrader/data/experiments/msgca/20260601_r020_top10_strong_ablation/runs/r020_top10_topk010/checkpoints/msgca_epoch_9.pt,same_comp_2025,2025-06-02,2025-06-13,2025-06-03,2025-06-13,9,10,3,weighted,0.25,1.5,0.5,0.75,0.0,0.0,True,True,0.04644200820115918,0.03305754679826611,0.013384461402893066,6.21078293781726,-0.028222044339805352,0.6444444444444444,,,,,,,,,0,,,,
r020_top10_topk010,0.2,10,/data/jiaxuanLin/AItrader/data/experiments/msgca/20260601_r020_top10_strong_ablation/runs/r020_top10_topk010/checkpoints/msgca_epoch_10.pt,same_comp_2025,2025-06-02,2025-06-13,2025-06-03,2025-06-13,9,10,3,weighted,0.25,1.5,0.5,0.75,0.0,0.0,True,True,0.0027024652937019944,-0.010681996109191072,0.013384461402893066,0.4412471049604839,-0.05505702245990163,0.6444444444444444,,,,,,,,,0,,,,
r020_top10_topk010,0.2,11,/data/jiaxuanLin/AItrader/data/experiments/msgca/20260601_r020_top10_strong_ablation/runs/r020_top10_topk010/checkpoints/msgca_epoch_11.pt,same_comp_2025,2025-06-02,2025-06-13,2025-06-03,2025-06-13,9,10,3,weighted,0.25,1.5,0.5,0.75,0.0,0.0,True,True,0.007473524639018514,-0.0059109367638745525,0.013384461402893066,0.909525245341679,-0.04915012172388933,0.6444444444444444,,,,,,,,,0,,,,
r020_top10_topk010,0.2,12,/data/jiaxuanLin/AItrader/data/experiments/msgca/20260601_r020_top10_strong_ablation/runs/r020_top10_topk010/checkpoints/msgca_epoch_12.pt,same_comp_2025,2025-06-02,2025-06-13,2025-06-03,2025-06-13,9,10,3,weighted,0.25,1.5,0.5,0.75,0.0,0.0,True,True,0.020226042702224056,0.00684158129933099,0.013384461402893066,5.260595639130401,-0.011237284047570406,0.6444444444444444,,,,,,,,,0,,,,
r020_top10_topk010,0.2,13,/data/jiaxuanLin/AItrader/data/experiments/msgca/20260601_r020_top10_strong_ablation/runs/r020_top10_topk010/checkpoints/msgca_epoch_13.pt,same_comp_2025,2025-06-02,2025-06-13,2025-06-03,2025-06-13,9,10,3,weighted,0.25,1.5,0.5,0.75,0.0,0.0,True,True,0.026509990509355097,0.01312552910646203,0.013384461402893066,5.7056147940959,-0.007935699375962946,0.6444444444444444,,,,,,,,,0,,,,
r020_top10_topk010,0.2,14,/data/jiaxuanLin/AItrader/data/experiments/msgca/20260601_r020_top10_strong_ablation/runs/r020_top10_topk010/checkpoints/msgca_epoch_14.pt,same_comp_2025,2025-06-02,2025-06-13,2025-06-03,2025-06-13,9,10,3,weighted,0.25,1.5,0.5,0.75,0.0,0.0,True,True,0.03376733152793632,0.02038287012504325,0.013384461402893066,6.356263132652738,-0.010974385134189912,0.6444444444444444,,,,,,,,,0,,,,
r020_top10_topk012,0.2,1,/data/jiaxuanLin/AItrader/data/experiments/msgca/20260601_r020_top10_strong_ablation/runs/r020_top10_topk012/checkpoints/msgca_epoch_1.pt,val2026_strict,2026-01-01,2026-05-20,2026-01-05,2026-05-20,88,10,3,weighted,0.25,1.5,0.5,0.75,0.0,0.0,True,True,-0.008859350722876469,-0.1278540635524663,0.11899471282958984,-0.013122027274765769,-0.11198775920553539,0.6045454545454544,-0.008627329424677999,-0.018531323212322783,-0.013954449165349492,0.31645569620253167,-0.05144114785375109,0.009903993787644784,0.6582278481012658,-0.03781773205228036,5,0.00011236344022780287,-0.014759993265563964,-0.02847944482274356,0.2
r020_top10_topk012,0.2,2,/data/jiaxuanLin/AItrader/data/experiments/msgca/20260601_r020_top10_strong_ablation/runs/r020_top10_topk012/checkpoints/msgca_epoch_2.pt,val2026_strict,2026-01-01,2026-05-20,2026-01-05,2026-05-20,88,10,3,weighted,0.25,1.5,0.5,0.75,0.0,0.0,True,True,-0.05425038568054086,-0.1732450985101307,0.11899471282958984,-0.5614253474006137,-0.13829950814143643,0.6045454545454544,-0.00915490351830314,-0.019058897305947925,-0.003678525412891598,0.4177215189873418,-0.09185266557521954,0.009903993787644784,0.6582278481012658,-0.039378129682924756,5,-0.007373987746412514,0.004789559863867532,-0.018398650178029663,0.6
r020_top10_topk012,0.2,3,/data/jiaxuanLin/AItrader/data/experiments/msgca/20260601_r020_top10_strong_ablation/runs/r020_top10_topk012/checkpoints/msgca_epoch_3.pt,val2026_strict,2026-01-01,2026-05-20,2026-01-05,2026-05-20,88,10,3,weighted,0.25,1.5,0.5,0.75,0.0,0.0,True,True,-0.0531337473750495,-0.17212846020463934,0.11899471282958984,-0.6093310288334677,-0.1420604324360123,0.6045454545454544,-0.007022835474255268,-0.01692682926190005,-0.008762215935113837,0.379746835443038,-0.06613438423550122,0.009903993787644784,0.6582278481012658,-0.03637795187391219,5,0.006677280906058458,0.014676423140418438,-0.015042476977306762,0.8
r020_top10_topk012,0.2,4,/data/jiaxuanLin/AItrader/data/experiments/msgca/20260601_r020_top10_strong_ablation/runs/r020_top10_topk012/checkpoints/msgca_epoch_4.pt,val2026_strict,2026-01-01,2026-05-20,2026-01-05,2026-05-20,88,10,3,weighted,0.25,1.5,0.5,0.75,0.0,0.0,True,True,-0.0008113943830341253,-0.11980610721262397,0.11899471282958984,0.10262705389751085,-0.13042345733711314,0.6045454545454544,-0.0010529026707770139,-0.010956896458421798,-0.004944294567359897,0.4810126582278481,-0.08040003138030227,0.009903993787644784,0.6582278481012658,-0.02871319719370743,5,-0.031112083565576154,0.00256722554582709,-0.031112083565576154,0.6
r020_top10_topk012,0.2,5,/data/jiaxuanLin/AItrader/data/experiments/msgca/20260601_r020_top10_strong_ablation/runs/r020_top10_topk012/checkpoints/msgca_epoch_5.pt,val2026_strict,2026-01-01,2026-05-20,2026-01-05,2026-05-20,88,10,3,weighted,0.25,1.5,0.5,0.75,0.0,0.0,True,True,0.041933583541979624,-0.07706112928761022,0.11899471282958984,0.633129112542811,-0.100876416485427,0.6045454545454544,0.005841549137263888,-0.004062444650380896,0.001871678308962954,0.5063291139240507,-0.07425575846805321,0.009903993787644784,0.6582278481012658,-0.005231176251197194,5,-0.013723007010652655,0.05139804959965,-0.013723007010652655,0.8
r020_top10_topk012,0.2,6,/data/jiaxuanLin/AItrader/data/experiments/msgca/20260601_r020_top10_strong_ablation/runs/r020_top10_topk012/checkpoints/msgca_epoch_6.pt,val2026_strict,2026-01-01,2026-05-20,2026-01-05,2026-05-20,88,10,3,weighted,0.25,1.5,0.5,0.75,0.0,0.0,True,True,0.051080349262985436,-0.06791436356660441,0.11899471282958984,0.7460645440471821,-0.10859389581275802,0.6045454545454544,0.01171071500611673,0.0018067212184719461,0.005497339270474688,0.5569620253164557,-0.07777930160183211,0.009903993787644784,0.6582278481012658,-0.011372302186863054,5,-0.018065777008875017,0.01132434993234419,-0.02598992006544809,0.6
r020_top10_topk012,0.2,7,/data/jiaxuanLin/AItrader/data/experiments/msgca/20260601_r020_top10_strong_ablation/runs/r020_top10_topk012/checkpoints/msgca_epoch_7.pt,val2026_strict,2026-01-01,2026-05-20,2026-01-05,2026-05-20,88,10,3,weighted,0.25,1.5,0.5,0.75,0.0,0.0,True,True,-0.08429729649867557,-0.2032920093282654,0.11899471282958984,-1.0206954414317826,-0.1464693363009728,0.6045454545454544,0.00287386954576213,-0.007030124241882654,-0.008331476560486606,0.43037974683544306,-0.07748491034683525,0.009903993787644784,0.6582278481012658,-0.03629223747538143,5,-0.05868758870542712,0.005450194430241639,-0.05868758870542712,0.6
r020_top10_topk012,0.2,8,/data/jiaxuanLin/AItrader/data/experiments/msgca/20260601_r020_top10_strong_ablation/runs/r020_top10_topk012/checkpoints/msgca_epoch_8.pt,val2026_strict,2026-01-01,2026-05-20,2026-01-05,2026-05-20,88,10,3,weighted,0.25,1.5,0.5,0.75,0.0,0.0,True,True,-0.028009101168582018,-0.14700381399817186,0.11899471282958984,-0.06396579582103287,-0.1413163193385727,0.6045454545454544,0.010294277668499231,0.0003902838808544466,0.016452690575221363,0.6075949367088608,-0.10498063429334703,0.009903993787644784,0.6582278481012658,-0.008653972441617634,5,-0.003986609167856092,0.06801326418334101,-0.003986609167856092,0.8
r020_top10_topk012,0.2,9,/data/jiaxuanLin/AItrader/data/experiments/msgca/20260601_r020_top10_strong_ablation/runs/r020_top10_topk012/checkpoints/msgca_epoch_9.pt,val2026_strict,2026-01-01,2026-05-20,2026-01-05,2026-05-20,88,10,3,weighted,0.25,1.5,0.5,0.75,0.0,0.0,True,True,0.0413646543409123,-0.07763005848867754,0.11899471282958984,0.5116814666967645,-0.14160029468035706,0.6045454545454544,0.01232385828458615,0.0024198644969413655,0.008605345845427603,0.569620253164557,-0.09979483845399084,0.009903993787644784,0.6582278481012658,-0.0038206079521102155,5,-0.03872704814614114,0.05676472006066764,-0.03872704814614114,0.8
r020_top10_topk012,0.2,10,/data/jiaxuanLin/AItrader/data/experiments/msgca/20260601_r020_top10_strong_ablation/runs/r020_top10_topk012/checkpoints/msgca_epoch_10.pt,val2026_strict,2026-01-01,2026-05-20,2026-01-05,2026-05-20,88,10,3,weighted,0.25,1.5,0.5,0.75,0.0,0.0,True,True,0.026809189524012345,-0.0921855233055775,0.11899471282958984,0.3943012222077061,-0.18609567391847037,0.6045454545454544,0.011409017310535752,0.0015050235228909678,0.00016444749117305868,0.5063291139240507,-0.08285527343097332,0.009903993787644784,0.6582278481012658,-0.0019701619901678936,5,-0.00015321760410791363,0.09233113724297337,-0.00015321760410791363,0.8
r020_top10_topk012,0.2,11,/data/jiaxuanLin/AItrader/data/experiments/msgca/20260601_r020_top10_strong_ablation/runs/r020_top10_topk012/checkpoints/msgca_epoch_11.pt,val2026_strict,2026-01-01,2026-05-20,2026-01-05,2026-05-20,88,10,3,weighted,0.25,1.5,0.5,0.75,0.0,0.0,True,True,0.1049862292190622,-0.014008483610527644,0.11899471282958984,0.9289284374093661,-0.1767159838242961,0.6045454545454544,0.015822376914833135,0.005918383127188351,0.0175744504056079,0.5316455696202531,-0.11262083475157758,0.009903993787644784,0.6582278481012658,0.00996466992379471,5,0.024151681273922865,0.09432572362583178,0.024151681273922865,1.0
r020_top10_topk012,0.2,12,/data/jiaxuanLin/AItrader/data/experiments/msgca/20260601_r020_top10_strong_ablation/runs/r020_top10_topk012/checkpoints/msgca_epoch_12.pt,val2026_strict,2026-01-01,2026-05-20,2026-01-05,2026-05-20,88,10,3,weighted,0.25,1.5,0.5,0.75,0.0,0.0,True,True,0.22074242896201368,0.10174771613242384,0.11899471282958984,2.5363479906856345,-0.0814398734255678,0.6045454545454544,0.023212241394945893,0.01330824760730111,0.030076412401462527,0.7468354430379747,-0.06961846849360476,0.009903993787644784,0.6582278481012658,0.023732122257230308,5,0.0037040546779256722,0.04011731210994531,0.0037040546779256722,1.0
r020_top10_topk012,0.2,13,/data/jiaxuanLin/AItrader/data/experiments/msgca/20260601_r020_top10_strong_ablation/runs/r020_top10_topk012/checkpoints/msgca_epoch_13.pt,val2026_strict,2026-01-01,2026-05-20,2026-01-05,2026-05-20,88,10,3,weighted,0.25,1.5,0.5,0.75,0.0,0.0,True,True,0.1614361912686766,0.042441478439086744,0.11899471282958984,1.733819940825817,-0.12119833935269031,0.6045454545454544,0.020613495049439576,0.010709501261794792,0.02522870774002306,0.7088607594936709,-0.10353744007225929,0.009903993787644784,0.6582278481012658,0.015249554306825095,5,0.002492614035930929,0.05304915105839436,0.002492614035930929,1.0
r020_top10_topk012,0.2,14,/data/jiaxuanLin/AItrader/data/experiments/msgca/20260601_r020_top10_strong_ablation/runs/r020_top10_topk012/checkpoints/msgca_epoch_14.pt,val2026_strict,2026-01-01,2026-05-20,2026-01-05,2026-05-20,88,10,3,weighted,0.25,1.5,0.5,0.75,0.0,0.0,True,True,0.05244620796772259,-0.06654850486186725,0.11899471282958984,0.789949627959127,-0.08409725565511039,0.6045454545454544,0.012097091597470758,0.0021930978098259734,0.014031157402965233,0.6582278481012658,-0.08094937263993429,0.009903993787644784,0.6582278481012658,-0.006589023751214284,5,-0.0007543249292906173,0.015211802717614086,-0.0007543249292906173,0.8
r020_top10_topk012,0.2,1,/data/jiaxuanLin/AItrader/data/experiments/msgca/20260601_r020_top10_strong_ablation/runs/r020_top10_topk012/checkpoints/msgca_epoch_1.pt,hold2026_recent,2026-05-21,2026-05-31,2026-05-21,2026-05-28,6,10,3,weighted,0.25,1.5,0.5,0.75,0.0,0.0,True,True,-0.07092650303015446,-0.028858379212710616,-0.04206812381744385,-22.305666749947253,-0.05922632294822172,0.6666666666666666,,,,,,,,,0,,,,
r020_top10_topk012,0.2,2,/data/jiaxuanLin/AItrader/data/experiments/msgca/20260601_r020_top10_strong_ablation/runs/r020_top10_topk012/checkpoints/msgca_epoch_2.pt,hold2026_recent,2026-05-21,2026-05-31,2026-05-21,2026-05-28,6,10,3,weighted,0.25,1.5,0.5,0.75,0.0,0.0,True,True,0.00019931008734430655,0.042267433904788154,-0.04206812381744385,0.13012753568341592,-0.0059994878950715425,0.6666666666666666,,,,,,,,,0,,,,
r020_top10_topk012,0.2,3,/data/jiaxuanLin/AItrader/data/experiments/msgca/20260601_r020_top10_strong_ablation/runs/r020_top10_topk012/checkpoints/msgca_epoch_3.pt,hold2026_recent,2026-05-21,2026-05-31,2026-05-21,2026-05-28,6,10,3,weighted,0.25,1.5,0.5,0.75,0.0,0.0,True,True,0.005925956466021676,0.04799408028346552,-0.04206812381744385,1.419777024934254,-0.006052353503907315,0.6666666666666666,,,,,,,,,0,,,,
r020_top10_topk012,0.2,4,/data/jiaxuanLin/AItrader/data/experiments/msgca/20260601_r020_top10_strong_ablation/runs/r020_top10_topk012/checkpoints/msgca_epoch_4.pt,hold2026_recent,2026-05-21,2026-05-31,2026-05-21,2026-05-28,6,10,3,weighted,0.25,1.5,0.5,0.75,0.0,0.0,True,True,0.02354893390513202,0.06561705772257587,-0.04206812381744385,4.251791961427281,-0.006628305721581018,0.6666666666666666,,,,,,,,,0,,,,
r020_top10_topk012,0.2,5,/data/jiaxuanLin/AItrader/data/experiments/msgca/20260601_r020_top10_strong_ablation/runs/r020_top10_topk012/checkpoints/msgca_epoch_5.pt,hold2026_recent,2026-05-21,2026-05-31,2026-05-21,2026-05-28,6,10,3,weighted,0.25,1.5,0.5,0.75,0.0,0.0,True,True,-0.02237020798038969,0.01969791583705416,-0.04206812381744385,-4.464354868647583,-0.02647578947441842,0.6666666666666666,,,,,,,,,0,,,,
r020_top10_topk012,0.2,6,/data/jiaxuanLin/AItrader/data/experiments/msgca/20260601_r020_top10_strong_ablation/runs/r020_top10_topk012/checkpoints/msgca_epoch_6.pt,hold2026_recent,2026-05-21,2026-05-31,2026-05-21,2026-05-28,6,10,3,weighted,0.25,1.5,0.5,0.75,0.0,0.0,True,True,0.01573344005414934,0.05780156387159319,-0.04206812381744385,2.4828416604144397,-0.012218536879420316,0.6666666666666666,,,,,,,,,0,,,,
r020_top10_topk012,0.2,7,/data/jiaxuanLin/AItrader/data/experiments/msgca/20260601_r020_top10_strong_ablation/runs/r020_top10_topk012/checkpoints/msgca_epoch_7.pt,hold2026_recent,2026-05-21,2026-05-31,2026-05-21,2026-05-28,6,10,3,weighted,0.25,1.5,0.5,0.75,0.0,0.0,True,True,0.022107539556082578,0.06417566337352643,-0.04206812381744385,3.5607926645277015,-0.0205003285069304,0.6666666666666666,,,,,,,,,0,,,,
r020_top10_topk012,0.2,8,/data/jiaxuanLin/AItrader/data/experiments/msgca/20260601_r020_top10_strong_ablation/runs/r020_top10_topk012/checkpoints/msgca_epoch_8.pt,hold2026_recent,2026-05-21,2026-05-31,2026-05-21,2026-05-28,6,10,3,weighted,0.25,1.5,0.5,0.75,0.0,0.0,True,True,0.00012872527644058884,0.042196849093884436,-0.04206812381744385,0.18460325105919045,-0.006947137485742605,0.6666666666666666,,,,,,,,,0,,,,
r020_top10_topk012,0.2,9,/data/jiaxuanLin/AItrader/data/experiments/msgca/20260601_r020_top10_strong_ablation/runs/r020_top10_topk012/checkpoints/msgca_epoch_9.pt,hold2026_recent,2026-05-21,2026-05-31,2026-05-21,2026-05-28,6,10,3,weighted,0.25,1.5,0.5,0.75,0.0,0.0,True,True,-0.02245068023157948,0.01961744358586437,-0.04206812381744385,-2.3147163232811896,-0.03624192259788517,0.6666666666666666,,,,,,,,,0,,,,
r020_top10_topk012,0.2,10,/data/jiaxuanLin/AItrader/data/experiments/msgca/20260601_r020_top10_strong_ablation/runs/r020_top10_topk012/checkpoints/msgca_epoch_10.pt,hold2026_recent,2026-05-21,2026-05-31,2026-05-21,2026-05-28,6,10,3,weighted,0.25,1.5,0.5,0.75,0.0,0.0,True,True,-0.0387519374284192,0.0033161863890246446,-0.04206812381744385,-3.888175180256701,-0.048154268795842836,0.6666666666666666,,,,,,,,,0,,,,
r020_top10_topk012,0.2,11,/data/jiaxuanLin/AItrader/data/experiments/msgca/20260601_r020_top10_strong_ablation/runs/r020_top10_topk012/checkpoints/msgca_epoch_11.pt,hold2026_recent,2026-05-21,2026-05-31,2026-05-21,2026-05-28,6,10,3,weighted,0.25,1.5,0.5,0.75,0.0,0.0,True,True,0.035770570099759036,0.07783869391720288,-0.04206812381744385,3.6930797632806227,-0.026570856641531027,0.6666666666666666,,,,,,,,,0,,,,
r020_top10_topk012,0.2,12,/data/jiaxuanLin/AItrader/data/experiments/msgca/20260601_r020_top10_strong_ablation/runs/r020_top10_topk012/checkpoints/msgca_epoch_12.pt,hold2026_recent,2026-05-21,2026-05-31,2026-05-21,2026-05-28,6,10,3,weighted,0.25,1.5,0.5,0.75,0.0,0.0,True,True,-0.014693703787435286,0.02737442003000856,-0.04206812381744385,-2.4281286864459006,-0.025414161486022824,0.6666666666666666,,,,,,,,,0,,,,
r020_top10_topk012,0.2,13,/data/jiaxuanLin/AItrader/data/experiments/msgca/20260601_r020_top10_strong_ablation/runs/r020_top10_topk012/checkpoints/msgca_epoch_13.pt,hold2026_recent,2026-05-21,2026-05-31,2026-05-21,2026-05-28,6,10,3,weighted,0.25,1.5,0.5,0.75,0.0,0.0,True,True,0.005303152295553781,0.04737127611299763,-0.04206812381744385,0.9306107634853606,-0.02357003208640196,0.6666666666666666,,,,,,,,,0,,,,
r020_top10_topk012,0.2,14,/data/jiaxuanLin/AItrader/data/experiments/msgca/20260601_r020_top10_strong_ablation/runs/r020_top10_topk012/checkpoints/msgca_epoch_14.pt,hold2026_recent,2026-05-21,2026-05-31,2026-05-21,2026-05-28,6,10,3,weighted,0.25,1.5,0.5,0.75,0.0,0.0,True,True,-0.03671063254921736,0.005357491268226489,-0.04206812381744385,-7.846899829047216,-0.03138172642345605,0.6666666666666666,,,,,,,,,0,,,,
r020_top10_topk012,0.2,1,/data/jiaxuanLin/AItrader/data/experiments/msgca/20260601_r020_top10_strong_ablation/runs/r020_top10_topk012/checkpoints/msgca_epoch_1.pt,same_calendar_2025,2025-05-21,2025-05-31,2025-05-21,2025-05-30,8,10,3,weighted,0.25,1.5,0.5,0.75,0.0,0.0,True,True,-0.02413860227544007,-0.0019077983089178518,-0.022230803966522217,-6.782618389540844,-0.023278318745656112,0.6499999999999999,,,,,,,,,0,,,,
r020_top10_topk012,0.2,2,/data/jiaxuanLin/AItrader/data/experiments/msgca/20260601_r020_top10_strong_ablation/runs/r020_top10_topk012/checkpoints/msgca_epoch_2.pt,same_calendar_2025,2025-05-21,2025-05-31,2025-05-21,2025-05-30,8,10,3,weighted,0.25,1.5,0.5,0.75,0.0,0.0,True,True,-0.019812748738859742,0.0024180552276624745,-0.022230803966522217,-5.887697878213717,-0.026198482043614302,0.6499999999999999,,,,,,,,,0,,,,
r020_top10_topk012,0.2,3,/data/jiaxuanLin/AItrader/data/experiments/msgca/20260601_r020_top10_strong_ablation/runs/r020_top10_topk012/checkpoints/msgca_epoch_3.pt,same_calendar_2025,2025-05-21,2025-05-31,2025-05-21,2025-05-30,8,10,3,weighted,0.25,1.5,0.5,0.75,0.0,0.0,True,True,-0.012533770299003155,0.009697033667519062,-0.022230803966522217,-3.9129300943977143,-0.013830858498076637,0.6499999999999999,,,,,,,,,0,,,,
r020_top10_topk012,0.2,4,/data/jiaxuanLin/AItrader/data/experiments/msgca/20260601_r020_top10_strong_ablation/runs/r020_top10_topk012/checkpoints/msgca_epoch_4.pt,same_calendar_2025,2025-05-21,2025-05-31,2025-05-21,2025-05-30,8,10,3,weighted,0.25,1.5,0.5,0.75,0.0,0.0,True,True,-0.022347296557168272,-0.00011649259064605566,-0.022230803966522217,-7.42220947098626,-0.012070405210209523,0.6499999999999999,,,,,,,,,0,,,,
r020_top10_topk012,0.2,5,/data/jiaxuanLin/AItrader/data/experiments/msgca/20260601_r020_top10_strong_ablation/runs/r020_top10_topk012/checkpoints/msgca_epoch_5.pt,same_calendar_2025,2025-05-21,2025-05-31,2025-05-21,2025-05-30,8,10,3,weighted,0.25,1.5,0.5,0.75,0.0,0.0,True,True,-0.021552819568941728,0.0006779843975804889,-0.022230803966522217,-11.726430132745644,-0.01501322270390848,0.6499999999999999,,,,,,,,,0,,,,
r020_top10_topk012,0.2,6,/data/jiaxuanLin/AItrader/data/experiments/msgca/20260601_r020_top10_strong_ablation/runs/r020_top10_topk012/checkpoints/msgca_epoch_6.pt,same_calendar_2025,2025-05-21,2025-05-31,2025-05-21,2025-05-30,8,10,3,weighted,0.25,1.5,0.5,0.75,0.0,0.0,True,True,-0.012729429924654201,0.009501374041868016,-0.022230803966522217,-5.444258753853308,-0.007443118483646982,0.6499999999999999,,,,,,,,,0,,,,
r020_top10_topk012,0.2,7,/data/jiaxuanLin/AItrader/data/experiments/msgca/20260601_r020_top10_strong_ablation/runs/r020_top10_topk012/checkpoints/msgca_epoch_7.pt,same_calendar_2025,2025-05-21,2025-05-31,2025-05-21,2025-05-30,8,10,3,weighted,0.25,1.5,0.5,0.75,0.0,0.0,True,True,-0.009078524059036419,0.013152279907485798,-0.022230803966522217,-2.3079483948754214,-0.006893422303015706,0.6499999999999999,,,,,,,,,0,,,,
r020_top10_topk012,0.2,8,/data/jiaxuanLin/AItrader/data/experiments/msgca/20260601_r020_top10_strong_ablation/runs/r020_top10_topk012/checkpoints/msgca_epoch_8.pt,same_calendar_2025,2025-05-21,2025-05-31,2025-05-21,2025-05-30,8,10,3,weighted,0.25,1.5,0.5,0.75,0.0,0.0,True,True,-0.0793580910068491,-0.05712728704032688,-0.022230803966522217,-11.563975741239236,-0.04621849259553168,0.6499999999999999,,,,,,,,,0,,,,
r020_top10_topk012,0.2,9,/data/jiaxuanLin/AItrader/data/experiments/msgca/20260601_r020_top10_strong_ablation/runs/r020_top10_topk012/checkpoints/msgca_epoch_9.pt,same_calendar_2025,2025-05-21,2025-05-31,2025-05-21,2025-05-30,8,10,3,weighted,0.25,1.5,0.5,0.75,0.0,0.0,True,True,-0.06390447505346941,-0.041673671086947195,-0.022230803966522217,-8.119002909317874,-0.04872291588051969,0.6499999999999999,,,,,,,,,0,,,,
r020_top10_topk012,0.2,10,/data/jiaxuanLin/AItrader/data/experiments/msgca/20260601_r020_top10_strong_ablation/runs/r020_top10_topk012/checkpoints/msgca_epoch_10.pt,same_calendar_2025,2025-05-21,2025-05-31,2025-05-21,2025-05-30,8,10,3,weighted,0.25,1.5,0.5,0.75,0.0,0.0,True,True,-0.08004923543410425,-0.05781843146758203,-0.022230803966522217,-8.432142088401324,-0.06513072613892223,0.6499999999999999,,,,,,,,,0,,,,
r020_top10_topk012,0.2,11,/data/jiaxuanLin/AItrader/data/experiments/msgca/20260601_r020_top10_strong_ablation/runs/r020_top10_topk012/checkpoints/msgca_epoch_11.pt,same_calendar_2025,2025-05-21,2025-05-31,2025-05-21,2025-05-30,8,10,3,weighted,0.25,1.5,0.5,0.75,0.0,0.0,True,True,-0.08624133676708157,-0.06401053280055935,-0.022230803966522217,-9.478461773327677,-0.05532871421393293,0.6499999999999999,,,,,,,,,0,,,,
r020_top10_topk012,0.2,12,/data/jiaxuanLin/AItrader/data/experiments/msgca/20260601_r020_top10_strong_ablation/runs/r020_top10_topk012/checkpoints/msgca_epoch_12.pt,same_calendar_2025,2025-05-21,2025-05-31,2025-05-21,2025-05-30,8,10,3,weighted,0.25,1.5,0.5,0.75,0.0,0.0,True,True,-0.00986485611914023,0.012365947847381986,-0.022230803966522217,-2.5838717947445153,-0.01599372557878498,0.6499999999999999,,,,,,,,,0,,,,
r020_top10_topk012,0.2,13,/data/jiaxuanLin/AItrader/data/experiments/msgca/20260601_r020_top10_strong_ablation/runs/r020_top10_topk012/checkpoints/msgca_epoch_13.pt,same_calendar_2025,2025-05-21,2025-05-31,2025-05-21,2025-05-30,8,10,3,weighted,0.25,1.5,0.5,0.75,0.0,0.0,True,True,-0.01795355969584278,0.004277244270679437,-0.022230803966522217,-3.8799585393955,-0.027552630476034512,0.6499999999999999,,,,,,,,,0,,,,
r020_top10_topk012,0.2,14,/data/jiaxuanLin/AItrader/data/experiments/msgca/20260601_r020_top10_strong_ablation/runs/r020_top10_topk012/checkpoints/msgca_epoch_14.pt,same_calendar_2025,2025-05-21,2025-05-31,2025-05-21,2025-05-30,8,10,3,weighted,0.25,1.5,0.5,0.75,0.0,0.0,True,True,0.001818983563284915,0.024049787529807132,-0.022230803966522217,0.5678856488678236,-0.016026085312962568,0.6499999999999999,,,,,,,,,0,,,,
r020_top10_topk012,0.2,1,/data/jiaxuanLin/AItrader/data/experiments/msgca/20260601_r020_top10_strong_ablation/runs/r020_top10_topk012/checkpoints/msgca_epoch_1.pt,same_comp_2025,2025-06-02,2025-06-13,2025-06-03,2025-06-13,9,10,3,weighted,0.25,1.5,0.5,0.75,0.0,0.0,True,True,-0.034488081635273504,-0.04787254303816657,0.013384461402893066,-5.762262383382547,-0.04062003176064355,0.6444444444444444,,,,,,,,,0,,,,
r020_top10_topk012,0.2,2,/data/jiaxuanLin/AItrader/data/experiments/msgca/20260601_r020_top10_strong_ablation/runs/r020_top10_topk012/checkpoints/msgca_epoch_2.pt,same_comp_2025,2025-06-02,2025-06-13,2025-06-03,2025-06-13,9,10,3,weighted,0.25,1.5,0.5,0.75,0.0,0.0,True,True,-0.05031545038827623,-0.0636999117911693,0.013384461402893066,-10.130270102148351,-0.05487538814093729,0.6444444444444444,,,,,,,,,0,,,,
r020_top10_topk012,0.2,3,/data/jiaxuanLin/AItrader/data/experiments/msgca/20260601_r020_top10_strong_ablation/runs/r020_top10_topk012/checkpoints/msgca_epoch_3.pt,same_comp_2025,2025-06-02,2025-06-13,2025-06-03,2025-06-13,9,10,3,weighted,0.25,1.5,0.5,0.75,0.0,0.0,True,True,0.008416798188654262,-0.004967663214238804,0.013384461402893066,1.8121086323997895,-0.014409347507655657,0.6444444444444444,,,,,,,,,0,,,,
r020_top10_topk012,0.2,4,/data/jiaxuanLin/AItrader/data/experiments/msgca/20260601_r020_top10_strong_ablation/runs/r020_top10_topk012/checkpoints/msgca_epoch_4.pt,same_comp_2025,2025-06-02,2025-06-13,2025-06-03,2025-06-13,9,10,3,weighted,0.25,1.5,0.5,0.75,0.0,0.0,True,True,0.013015738027796875,-0.0003687233750961916,0.013384461402893066,4.049988691559394,-0.012020367516638819,0.6444444444444444,,,,,,,,,0,,,,
r020_top10_topk012,0.2,5,/data/jiaxuanLin/AItrader/data/experiments/msgca/20260601_r020_top10_strong_ablation/runs/r020_top10_topk012/checkpoints/msgca_epoch_5.pt,same_comp_2025,2025-06-02,2025-06-13,2025-06-03,2025-06-13,9,10,3,weighted,0.25,1.5,0.5,0.75,0.0,0.0,True,True,0.006384576690954047,-0.0069998847119390195,0.013384461402893066,1.7509047397862882,-0.01187758330785349,0.6444444444444444,,,,,,,,,0,,,,
r020_top10_topk012,0.2,6,/data/jiaxuanLin/AItrader/data/experiments/msgca/20260601_r020_top10_strong_ablation/runs/r020_top10_topk012/checkpoints/msgca_epoch_6.pt,same_comp_2025,2025-06-02,2025-06-13,2025-06-03,2025-06-13,9,10,3,weighted,0.25,1.5,0.5,0.75,0.0,0.0,True,True,0.005020978434484347,-0.00836348296840872,0.013384461402893066,1.48015825449242,-0.012294533910934824,0.6444444444444444,,,,,,,,,0,,,,
r020_top10_topk012,0.2,7,/data/jiaxuanLin/AItrader/data/experiments/msgca/20260601_r020_top10_strong_ablation/runs/r020_top10_topk012/checkpoints/msgca_epoch_7.pt,same_comp_2025,2025-06-02,2025-06-13,2025-06-03,2025-06-13,9,10,3,weighted,0.25,1.5,0.5,0.75,0.0,0.0,True,True,0.026146747234495615,0.012762285831602549,0.013384461402893066,6.857575332605421,-0.014645649972082397,0.6444444444444444,,,,,,,,,0,,,,
r020_top10_topk012,0.2,8,/data/jiaxuanLin/AItrader/data/experiments/msgca/20260601_r020_top10_strong_ablation/runs/r020_top10_topk012/checkpoints/msgca_epoch_8.pt,same_comp_2025,2025-06-02,2025-06-13,2025-06-03,2025-06-13,9,10,3,weighted,0.25,1.5,0.5,0.75,0.0,0.0,True,True,0.04758411772738946,0.0341996563244964,0.013384461402893066,12.16333940454314,-0.009587971563935316,0.6444444444444444,,,,,,,,,0,,,,
r020_top10_topk012,0.2,9,/data/jiaxuanLin/AItrader/data/experiments/msgca/20260601_r020_top10_strong_ablation/runs/r020_top10_topk012/checkpoints/msgca_epoch_9.pt,same_comp_2025,2025-06-02,2025-06-13,2025-06-03,2025-06-13,9,10,3,weighted,0.25,1.5,0.5,0.75,0.0,0.0,True,True,0.03731711247226088,0.023932651069367816,0.013384461402893066,4.7003028424595525,-0.03677901965676411,0.6444444444444444,,,,,,,,,0,,,,
r020_top10_topk012,0.2,10,/data/jiaxuanLin/AItrader/data/experiments/msgca/20260601_r020_top10_strong_ablation/runs/r020_top10_topk012/checkpoints/msgca_epoch_10.pt,same_comp_2025,2025-06-02,2025-06-13,2025-06-03,2025-06-13,9,10,3,weighted,0.25,1.5,0.5,0.75,0.0,0.0,True,True,0.0027024652937019944,-0.010681996109191072,0.013384461402893066,0.4412471049604839,-0.05505702245990163,0.6444444444444444,,,,,,,,,0,,,,
r020_top10_topk012,0.2,11,/data/jiaxuanLin/AItrader/data/experiments/msgca/20260601_r020_top10_strong_ablation/runs/r020_top10_topk012/checkpoints/msgca_epoch_11.pt,same_comp_2025,2025-06-02,2025-06-13,2025-06-03,2025-06-13,9,10,3,weighted,0.25,1.5,0.5,0.75,0.0,0.0,True,True,0.025269336827139943,0.011884875424246877,0.013384461402893066,2.966894104311518,-0.03509707354269054,0.6444444444444444,,,,,,,,,0,,,,
r020_top10_topk012,0.2,12,/data/jiaxuanLin/AItrader/data/experiments/msgca/20260601_r020_top10_strong_ablation/runs/r020_top10_topk012/checkpoints/msgca_epoch_12.pt,same_comp_2025,2025-06-02,2025-06-13,2025-06-03,2025-06-13,9,10,3,weighted,0.25,1.5,0.5,0.75,0.0,0.0,True,True,0.017515179998049968,0.004130718595156901,0.013384461402893066,4.393788105199202,-0.014059186116980538,0.6444444444444444,,,,,,,,,0,,,,
r020_top10_topk012,0.2,13,/data/jiaxuanLin/AItrader/data/experiments/msgca/20260601_r020_top10_strong_ablation/runs/r020_top10_topk012/checkpoints/msgca_epoch_13.pt,same_comp_2025,2025-06-02,2025-06-13,2025-06-03,2025-06-13,9,10,3,weighted,0.25,1.5,0.5,0.75,0.0,0.0,True,True,0.026509990509355097,0.01312552910646203,0.013384461402893066,5.7056147940959,-0.007935699375962946,0.6444444444444444,,,,,,,,,0,,,,
r020_top10_topk012,0.2,14,/data/jiaxuanLin/AItrader/data/experiments/msgca/20260601_r020_top10_strong_ablation/runs/r020_top10_topk012/checkpoints/msgca_epoch_14.pt,same_comp_2025,2025-06-02,2025-06-13,2025-06-03,2025-06-13,9,10,3,weighted,0.25,1.5,0.5,0.75,0.0,0.0,True,True,0.03575598162758298,0.02237152022468991,0.013384461402893066,6.830688271567511,-0.009345014817089714,0.6444444444444444,,,,,,,,,0,,,,
